nct_id,last_update_submitted_date,registration_date,summary_results_date,study_type,phase,enrollment,recruitment_status,title,start_date,completion_date,primary_completion_date,has_summary_results,allocation,masking,main_sponsor,is_multicentric,stanford_principal_investigator,stanford_unspecified_official,stanford_study_director,stanford_sub_investigator,stanford_study_chair,registration_year,start_year,completion_year,primary_completion_year
NCT00002715,2020-08-10,1999-11-01,NA,Interventional,Phase 2,50,Completed,Combination Chemotherapy in Treating Patients With Advanced Hodgkin's Lymphoma,1989-04-01T00:00:00Z,2015-10-01T00:00:00Z,2007-01-01T00:00:00Z,FALSE,NA,None (Open Label),OTHER,FALSE,NA,NA,NA,NA,Stanford University,1999,1989,2015,2007
NCT00003545,2013-02-04,1999-11-01,NA,Interventional,Phase 2,35,Completed,506U78 in Treating Patients With Refractory or Relapsed Acute Lymphoblastic Leukemia or Lymphoblastic Lymphoma,1998-08-01T00:00:00Z,NA,2007-03-01T00:00:00Z,FALSE,NA,None (Open Label),NIH,TRUE,NA,NA,NA,NA,Stanford University,1999,1998,NA,2007
NCT00003820,2017-03-08,1999-11-01,2013-05-29,Interventional,Phase 2,39,Completed,Rituximab in Treating Patients With Hodgkin's Lymphoma,1999-01-01T00:00:00Z,2008-08-01T00:00:00Z,2008-08-01T00:00:00Z,TRUE,NA,None (Open Label),OTHER,TRUE,Stanford University,NA,Stanford University,NA,NA,1999,1999,2008,2008
NCT00006305,2016-01-12,2000-09-28,2011-01-27,Interventional,Phase 3,2368,Completed,Bypass Angioplasty Revascularization Investigation in Type 2 Diabetes,2000-09-01T00:00:00Z,2009-03-01T00:00:00Z,2008-11-01T00:00:00Z,TRUE,Randomized,None (Open Label),OTHER,TRUE,Stanford University,NA,NA,NA,NA,2000,2000,2009,2008
NCT00051363,2018-11-01,2003-01-09,2016-02-29,Interventional,Phase 3,1105,Completed,Apnea Positive Pressure Long-Term Efficacy Study,2002-09-01T00:00:00Z,2008-09-01T00:00:00Z,2008-08-01T00:00:00Z,TRUE,Randomized,Quadruple,OTHER,TRUE,Stanford University,NA,NA,NA,Stanford University,2003,2002,2008,2008
NCT00060112,2013-01-24,2003-05-06,NA,Interventional,Phase 1,15,Terminated,Oblimersen and Gemcitabine in Treating Patients With Advanced Solid Tumor or Lymphoma,2003-03-01T00:00:00Z,NA,2009-12-01T00:00:00Z,FALSE,NA,None (Open Label),NIH,FALSE,Stanford University,NA,NA,NA,NA,2003,2003,NA,2009
NCT00060762,2014-05-14,2003-05-12,NA,Interventional,Phase 4,205,Completed,Effectiveness of Binge Eating Disorder Treatments,2002-04-01T00:00:00Z,2007-03-01T00:00:00Z,2007-03-01T00:00:00Z,FALSE,Randomized,Single,OTHER,TRUE,NA,NA,Stanford University,NA,NA,2003,2002,2007,2007
NCT00070291,2013-02-12,2003-10-03,2013-01-07,Interventional,Phase 2,4,Terminated,Cyclosporine in Treating Patients With Recurrent or Refractory Angioimmunoblastic T-Cell Lymphoma,2005-09-01T00:00:00Z,2011-05-01T00:00:00Z,2009-03-01T00:00:00Z,TRUE,NA,None (Open Label),NETWORK,TRUE,NA,NA,NA,NA,Stanford University,2003,2005,2011,2009
NCT00071578,2013-06-26,2003-10-29,NA,Interventional,Not Applicable,101,Completed,Comparing Two Group Therapy Treatments for Binge Eating Disorder,2003-10-01T00:00:00Z,2007-07-01T00:00:00Z,2007-07-01T00:00:00Z,FALSE,Randomized,Single,OTHER,FALSE,Stanford University Dept of Psychiatry,NA,NA,NA,NA,2003,2003,2007,2007
NCT00074776,2012-07-19,2003-12-19,NA,Interventional,Phase 3,102,Completed,Acute Treatment of Bipolar II Depression,2003-05-01T00:00:00Z,2007-10-01T00:00:00Z,2007-10-01T00:00:00Z,FALSE,Randomized,None (Open Label),OTHER,FALSE,Stanford University,NA,NA,NA,NA,2003,2003,2007,2007
NCT00120406,2014-07-21,2005-07-11,2014-02-05,Interventional,Not Applicable,474,Completed,Evaluation of the Zilver PTX Drug-Eluting Stent in the Above-the-Knee Femoropopliteal Artery,2005-03-01T00:00:00Z,2014-02-01T00:00:00Z,2009-10-01T00:00:00Z,TRUE,Randomized,None (Open Label),INDUSTRY,TRUE,Stanford University,NA,NA,NA,NA,2005,2005,2014,2009
NCT00128687,2014-02-07,2005-08-08,NA,Interventional,Not Applicable,419,Completed,Improving Coronary Prevention in a County Health System,2003-04-01T00:00:00Z,2008-03-01T00:00:00Z,2008-03-01T00:00:00Z,FALSE,Randomized,Single,OTHER,TRUE,Stanford University,NA,NA,NA,NA,2005,2003,2008,2008
NCT00131105,2008-12-22,2005-08-15,NA,Interventional,Phase 2,200,Completed,The TLC2 (Teaching Healthy Lifestyles to Caregivers 2)/CALM (Counseling Advice for Lifestyle Management) Study,2003-07-01T00:00:00Z,2007-12-01T00:00:00Z,2007-12-01T00:00:00Z,FALSE,Randomized,Single,NIH,FALSE,Stanford Prevention Research Center,NA,NA,NA,NA,2005,2003,2007,2007
NCT00135668,2009-05-26,2005-08-25,NA,Interventional,Phase 2,203,Completed,Dose-Response Study of Sodium Nitroprusside in Children Requiring Controlled Hypotension in the Operating Room,2005-08-01T00:00:00Z,2009-02-01T00:00:00Z,2008-03-01T00:00:00Z,FALSE,Randomized,Quadruple,NIH,FALSE,Stanford University,NA,NA,NA,NA,2005,2005,2009,2008
NCT00140101,2012-01-06,2005-08-30,NA,Interventional,Phase 2,1099,Completed,Safety and Efficacy of the ZoMaxxâ„¢ Drug-Eluting Stent System in Coronary Arteries,2005-05-01T00:00:00Z,2012-01-01T00:00:00Z,2007-09-01T00:00:00Z,FALSE,Randomized,Single,INDUSTRY,TRUE,Stanford University,NA,Stanford University,NA,NA,2005,2005,2012,2007
NCT00149786,2012-04-09,2005-09-06,NA,Interventional,Phase 1,120,Completed,Effectiveness of Family-Based Versus Individual Psychotherapy in Treating Adolescents With Anorexia Nervosa,2004-10-01T00:00:00Z,2009-03-01T00:00:00Z,2008-03-01T00:00:00Z,FALSE,Randomized,None (Open Label),OTHER,FALSE,Stanford University,NA,NA,NA,NA,2005,2004,2009,2008
NCT00149825,2014-05-12,2005-09-06,2009-07-30,Interventional,Phase 2,30,Completed,Combining Antidepressant Medication and Psychotherapy for Insomnia to Improve Depression Outcome,2004-06-01T00:00:00Z,2007-08-01T00:00:00Z,2007-08-01T00:00:00Z,TRUE,Randomized,Triple,OTHER,FALSE,"Stanford University Medical School, Department of Psychiatry and Behavioral Sciences",NA,NA,NA,NA,2005,2004,2007,2007
NCT00160329,2011-07-19,2005-09-08,NA,Interventional,Phase 3,60,Completed,Atazanavir or Boosted Atazanavir Substitution for Ritonavir Boosted PI in Patients With Hyperlipidemia,2004-01-01T00:00:00Z,2009-03-01T00:00:00Z,2007-04-01T00:00:00Z,FALSE,Randomized,None (Open Label),OTHER,FALSE,Stanford University,NA,NA,NA,NA,2005,2004,2009,2007
NCT00183443,2018-06-19,2005-09-13,2017-02-28,Interventional,Phase 3,75,Completed,Treatment of Mania Symptoms With Drug Therapy,2005-02-01T00:00:00Z,2010-11-01T00:00:00Z,2010-11-01T00:00:00Z,TRUE,Randomized,Double,OTHER,FALSE,Stanford School of Medicine and VA Palo Alto Health Care System,NA,NA,NA,NA,2005,2005,2010,2010
NCT00183521,2011-11-30,2005-09-13,NA,Interventional,Not Applicable,136,Completed,Breathing Regulation Training for Individuals With Panic Disorder,2005-03-01T00:00:00Z,2008-11-01T00:00:00Z,2008-11-01T00:00:00Z,FALSE,Randomized,None (Open Label),OTHER,FALSE,Stanford University and VA Health Care System,NA,NA,NA,NA,2005,2005,2008,2008
NCT00185588,2014-09-10,2005-09-12,2014-07-30,Interventional,Phase 1/Phase 2,33,Completed,Phase 1-2 Vatalanib and Gemcitabine in Advanced Pancreatic Cancer,2004-10-01T00:00:00Z,2009-12-01T00:00:00Z,2009-01-01T00:00:00Z,TRUE,Non-Randomized,None (Open Label),OTHER,FALSE,Stanford University,NA,NA,NA,NA,2005,2004,2009,2009
NCT00185601,2013-04-18,2005-09-09,NA,Interventional,Not Applicable,761,Completed,Internet Diabetes Self-Management Workshop,2006-02-01T00:00:00Z,2010-06-01T00:00:00Z,2009-06-01T00:00:00Z,FALSE,Randomized,None (Open Label),OTHER,FALSE,Stanford University,NA,NA,NA,NA,2005,2006,2010,2009
NCT00185614,2018-01-16,2005-09-12,2017-10-31,Interventional,Phase 2,63,Completed,Non-myeloablative Allogeneic Transplantation for the Treatment of Multiple Myeloma,2000-08-01T00:00:00Z,2010-04-01T00:00:00Z,2009-04-01T00:00:00Z,TRUE,NA,None (Open Label),OTHER,FALSE,Stanford University,NA,NA,NA,NA,2005,2000,2010,2009
NCT00185653,2011-02-10,2005-09-12,NA,Interventional,Not Applicable,40,Completed,Mixed Chimera Allogeneic Transplantation From Matched Unrelated Donors For The Treatment Of Multiple Myeloma,2000-10-01T00:00:00Z,2008-11-01T00:00:00Z,2008-11-01T00:00:00Z,FALSE,Randomized,None (Open Label),OTHER,FALSE,Stanford University,NA,NA,NA,NA,2005,2000,2008,2008
NCT00185679,2015-02-26,2005-09-12,2015-02-26,Interventional,Phase 2,13,Terminated,Haploid Allogeneic Transplant Using the CliniMACS System,2001-11-01T00:00:00Z,2010-02-01T00:00:00Z,2009-10-01T00:00:00Z,TRUE,NA,None (Open Label),OTHER,FALSE,Stanford Cancer Institute,NA,NA,NA,NA,2005,2001,2010,2009
NCT00185692,2019-11-17,2005-09-12,2016-12-01,Interventional,Phase 2,16,Completed,Allogeneic Transplantation From Related Haploidentical Donors,2000-08-01T00:00:00Z,2010-12-01T00:00:00Z,2010-12-01T00:00:00Z,TRUE,NA,None (Open Label),OTHER,FALSE,Stanford University,NA,NA,NA,NA,2005,2000,2010,2010
NCT00185705,2020-03-16,2005-09-09,NA,Interventional,Not Applicable,30,Terminated,"Treatment of Insulin Resistance in Hypertensive, Obese Adolescents",2006-10-01T00:00:00Z,2007-07-01T00:00:00Z,2007-07-01T00:00:00Z,FALSE,Randomized,Double,OTHER,FALSE,Stanford Medical Center,NA,NA,NA,NA,2005,2006,2007,2007
NCT00185861,2009-04-08,2005-09-12,NA,Interventional,Phase 1,12,Completed,Phase I Trial of Arsenic Trioxide and Stereotactic Radiotherapy for Recurrent Malignant Glioma,2003-12-01T00:00:00Z,2009-04-01T00:00:00Z,2008-01-01T00:00:00Z,FALSE,Non-Randomized,None (Open Label),OTHER,FALSE,Stanford University,NA,NA,NA,NA,2005,2003,2009,2008
NCT00185874,2010-01-11,2005-09-12,NA,Interventional,Phase 1,22,Terminated,Phase I Intratumoral Dendritic Cell Immunotherapy in Thermally Ablated Liver Metastases,2004-01-01T00:00:00Z,2007-10-01T00:00:00Z,2007-10-01T00:00:00Z,FALSE,Non-Randomized,None (Open Label),OTHER,FALSE,Stanford University,NA,NA,NA,NA,2005,2004,2007,2007
NCT00185952,2011-06-10,2005-09-12,NA,Interventional,Not Applicable,70,Completed,Nifedipine vs Placebo for Maintenance Tocolysis of Preterm Labor.,2001-11-01T00:00:00Z,2008-08-01T00:00:00Z,2007-01-01T00:00:00Z,FALSE,Randomized,Triple,OTHER,FALSE,Stanford University,NA,NA,NA,NA,2005,2001,2008,2007
NCT00185965,2014-07-07,2005-09-12,2014-07-07,Interventional,Phase 1/Phase 2,30,Completed,CPG 7909 + Local Radiotherapy in Recurrent Low-Grade Lymphomas,2004-07-01T00:00:00Z,2010-03-01T00:00:00Z,2010-03-01T00:00:00Z,TRUE,Non-Randomized,None (Open Label),OTHER,FALSE,Stanford University,NA,NA,NA,NA,2005,2004,2010,2010
NCT00186017,2017-04-12,2005-09-12,2016-12-21,Interventional,Phase 4,50,Completed,Short Term Rescue Study of Olanzapine,2005-07-01T00:00:00Z,2010-06-01T00:00:00Z,2010-06-01T00:00:00Z,TRUE,Randomized,Double,OTHER,FALSE,Stanford University,NA,NA,NA,NA,2005,2005,2010,2010
NCT00186056,2017-02-17,2005-09-13,2016-10-13,Interventional,Not Applicable,31,Completed,Mifepristone in Refractory Depression,2003-01-01T00:00:00Z,2007-05-01T00:00:00Z,2007-05-01T00:00:00Z,TRUE,Randomized,Triple,OTHER,FALSE,Stanford University,NA,NA,NA,NA,2005,2003,2007,2007
NCT00186186,2017-03-01,2005-09-13,2014-05-12,Interventional,Phase 4,28,Completed,Depakote ER in Bipolar Depression,2004-01-01T00:00:00Z,2009-01-01T00:00:00Z,2009-01-01T00:00:00Z,TRUE,NA,None (Open Label),OTHER,FALSE,NA,NA,"Stanford University, Department of Psychiatry and Behavioral Sciences",NA,NA,2005,2004,2009,2009
NCT00186225,2020-04-07,2005-09-13,NA,Interventional,Not Applicable,250,Completed,Stem Cell Transplant From Matched Unrelated or Partially Matched Related Donors,1989-11-01T00:00:00Z,2010-05-01T00:00:00Z,2007-06-01T00:00:00Z,FALSE,Non-Randomized,None (Open Label),OTHER,FALSE,Stanford University,NA,NA,NA,NA,2005,1989,2010,2007
NCT00186290,2010-10-07,2005-09-13,NA,Interventional,Not Applicable,145,Completed,Allo BMT in Advanced Leukemia or High Grade Lymphoma,1989-12-01T00:00:00Z,2009-10-01T00:00:00Z,2009-10-01T00:00:00Z,FALSE,Non-Randomized,None (Open Label),OTHER,FALSE,Stanford University,NA,NA,NA,NA,2005,1989,2009,2009
NCT00186303,2012-12-13,2005-09-13,NA,Interventional,Not Applicable,28,Completed,Transplantation for Patients With Chronic Lymphocytic Leukemia,1996-11-01T00:00:00Z,2010-03-01T00:00:00Z,2010-03-01T00:00:00Z,FALSE,Non-Randomized,None (Open Label),OTHER,FALSE,Stanford University,NA,NA,NA,NA,2005,1996,2010,2010
NCT00186342,2012-12-13,2005-09-13,NA,Interventional,Not Applicable,120,Completed,Sibling and Unrelated Donor Hematopoietic Cell Transplant in Hematologic Malignancies,1992-09-01T00:00:00Z,2009-01-01T00:00:00Z,2009-01-01T00:00:00Z,FALSE,Non-Randomized,None (Open Label),OTHER,FALSE,Stanford University,NA,NA,NA,NA,2005,1992,2009,2009
NCT00186355,2012-05-10,2005-09-13,NA,Interventional,Not Applicable,97,Completed,Enrichment & Purging of Stem Cells in Non-Hodgkin's Lymphoma,2003-10-01T00:00:00Z,2010-02-01T00:00:00Z,2007-03-01T00:00:00Z,FALSE,Non-Randomized,None (Open Label),OTHER,FALSE,Stanford University,NA,NA,NA,NA,2005,2003,2010,2007
NCT00186381,2010-07-23,2005-09-13,NA,Interventional,Phase 2,200,Completed,Autologous Bone Marrow Transplantation in Acute Non-Lymphoblastic Leukemia During First or Subsequent Remission,1995-11-01T00:00:00Z,2007-03-01T00:00:00Z,2007-03-01T00:00:00Z,FALSE,Non-Randomized,None (Open Label),OTHER,FALSE,Stanford University,NA,NA,NA,NA,2005,1995,2007,2007
NCT00186407,2010-09-10,2005-09-13,NA,Interventional,Phase 2,50,Completed,Autologous Stem Cell Rescue for Primary Amyloidosis,1998-04-01T00:00:00Z,2010-02-01T00:00:00Z,2008-02-01T00:00:00Z,FALSE,Non-Randomized,None (Open Label),OTHER,FALSE,Stanford University,NA,NA,NA,NA,2005,1998,2010,2008
NCT00186446,2017-02-15,2005-09-13,2016-10-18,Interventional,Phase 4,20,Completed,Treatment of Nicotine Dependence and Acute Depression,2004-06-01T00:00:00Z,2007-09-01T00:00:00Z,2007-09-01T00:00:00Z,TRUE,NA,None (Open Label),OTHER,FALSE,NA,NA,Stanford University,NA,NA,2005,2004,2007,2007
NCT00186485,2017-10-04,2005-09-14,2016-10-10,Interventional,Not Applicable,28,Completed,Repetitive Transcranial Magnetic Stimulation (rTMS) for Treatment Resistant Bipolar Depression,2003-05-01T00:00:00Z,2010-07-01T00:00:00Z,2010-06-01T00:00:00Z,TRUE,NA,None (Open Label),OTHER,FALSE,Stanford University,NA,NA,NA,NA,2005,2003,2010,2010
NCT00186537,2016-11-21,2005-09-14,2016-04-01,Interventional,Not Applicable,47,Completed,"Comparing Tricor, Avandia, or Weight Loss to Lower Cardiovascular Risk Factors in People With High Triglycerides.",2003-09-01T00:00:00Z,2008-09-01T00:00:00Z,2008-09-01T00:00:00Z,TRUE,Randomized,None (Open Label),OTHER,FALSE,Stanford University,NA,NA,NA,NA,2005,2003,2008,2008
NCT00186589,2012-06-05,2005-09-14,NA,Interventional,Phase 1,30,Completed,90Y-IBRITUMOMAB Tiuxetan and AHCI With HD Chemotherapy and Autologous Transplantation for Relapsed or Resistant NHL,2004-05-01T00:00:00Z,2007-07-01T00:00:00Z,2007-07-01T00:00:00Z,FALSE,Non-Randomized,None (Open Label),OTHER,FALSE,Stanford University,NA,NA,NA,NA,2005,2004,2007,2007
NCT00186628,2017-10-20,2005-09-14,2016-12-12,Interventional,Phase 2,36,Completed,Phase 2 Trial of Prophylactic Rituximab Therapy for Prevention of CGVHD,2005-06-01T00:00:00Z,2010-12-01T00:00:00Z,2010-11-01T00:00:00Z,TRUE,NA,None (Open Label),OTHER,FALSE,Stanford University,NA,NA,NA,NA,2005,2005,2010,2010
NCT00220584,2012-12-11,2005-09-15,NA,Interventional,Phase 1,10,Completed,An Open-Label Trial of Donepezil in Fragile X Syndrome,2005-07-01T00:00:00Z,2009-07-01T00:00:00Z,2009-07-01T00:00:00Z,FALSE,NA,None (Open Label),OTHER,FALSE,Stanford University,NA,NA,NA,NA,2005,2005,2009,2009
NCT00226941,2017-11-01,2005-09-08,2017-07-27,Interventional,Phase 1/Phase 2,23,Terminated,"A Phase 1-2 Trial of Cetuximab in Combination With Oxaliplatin, Capecitabine, and Radiation Therapy Followed by Surgery for Locally-advanced Rectal Cancer",2004-06-01T00:00:00Z,2009-02-01T00:00:00Z,2008-03-01T00:00:00Z,TRUE,Randomized,None (Open Label),OTHER,FALSE,Stanford University,NA,NA,NA,Stanford University,2005,2004,2009,2008
NCT00226954,2020-03-16,2005-09-13,NA,Interventional,Phase 2,23,Terminated,Zoledronic Acid With Intermittent Hormonal Therapy in Patients With Prostate Cancer,2003-03-01T00:00:00Z,2009-02-01T00:00:00Z,2007-11-01T00:00:00Z,FALSE,Non-Randomized,None (Open Label),OTHER,FALSE,Stanford University,NA,NA,NA,NA,2005,2003,2009,2007
NCT00227019,2017-01-12,2005-09-08,2016-04-20,Interventional,Phase 2,16,Completed,Phase 2 Trial of Bevacizumab in Combination With Pemetrexed,2006-03-01T00:00:00Z,2016-12-01T00:00:00Z,2010-11-01T00:00:00Z,TRUE,NA,None (Open Label),OTHER,TRUE,Stanford University,NA,NA,NA,NA,2005,2006,2016,2010
NCT00230282,2014-09-25,2005-09-28,2014-08-27,Interventional,Phase 2,25,Completed,"Phase 2 Fludarabine, Cytoxan and FCCAM <Alemtuzumab> in Untreated B-Cell Chronic Lymphocytic Leukemia",2004-07-01T00:00:00Z,2011-10-01T00:00:00Z,2010-12-01T00:00:00Z,TRUE,NA,None (Open Label),OTHER,FALSE,Stanford University,NA,NA,NA,NA,2005,2004,2011,2010
NCT00230295,2010-07-23,2005-09-28,NA,Interventional,Not Applicable,20,Completed,Indirect Magnetic Resonance Lymphangiography of the Head and Neck Region Using Conventional Gadolinium-based Contrast,2003-02-01T00:00:00Z,2007-11-01T00:00:00Z,2007-11-01T00:00:00Z,FALSE,Non-Randomized,None (Open Label),OTHER,FALSE,Stanford University,NA,NA,NA,NA,2005,2003,2007,2007
NCT00230321,2013-01-31,2005-09-28,NA,Interventional,Phase 1/Phase 2,21,Completed,A Study of Darbepoetin Alfa in Patients With Myelodysplastic Syndrome (MDS),2002-02-01T00:00:00Z,2008-01-01T00:00:00Z,2007-11-01T00:00:00Z,FALSE,Non-Randomized,None (Open Label),OTHER,FALSE,Stanford University,NA,NA,NA,NA,2005,2002,2008,2007
NCT00230347,2010-03-30,2005-09-28,NA,Interventional,Phase 1,20,Completed,Evaluation of Stereotactic Radiosurgery For Liver Malignancies,2003-10-01T00:00:00Z,2007-02-01T00:00:00Z,2007-01-01T00:00:00Z,FALSE,Non-Randomized,None (Open Label),OTHER,FALSE,Stanford University,NA,NA,NA,NA,2005,2003,2007,2007
NCT00233324,2019-04-16,2005-10-03,2014-11-16,Interventional,Phase 3,1316,Completed,Surfactant Positive Airway Pressure and Pulse Oximetry Trial,2005-02-01T00:00:00Z,2016-08-01T00:00:00Z,2009-02-01T00:00:00Z,TRUE,Randomized,None (Open Label),NETWORK,TRUE,Stanford University,NA,NA,NA,NA,2005,2005,2016,2009
NCT00233454,2018-09-19,2005-10-03,2015-06-16,Interventional,Phase 2,26,Completed,Phase 2 Midostaurin in Aggressive Systemic Mastocytosis and Mast Cell Leukemia,2005-03-01T00:00:00Z,2011-04-16T00:00:00Z,2010-06-18T00:00:00Z,TRUE,NA,None (Open Label),OTHER,TRUE,Stanford University,NA,NA,NA,NA,2005,2005,2011,2010
NCT00238602,2012-07-12,2005-10-11,NA,Interventional,Phase 1/Phase 2,48,Completed,Evaluation of Cyberknife Precision Radiation Delivery System for Unresectable Malignant Lung Cancer,2000-03-01T00:00:00Z,2012-06-01T00:00:00Z,2007-06-01T00:00:00Z,FALSE,Non-Randomized,None (Open Label),OTHER,FALSE,Stanford University,NA,NA,NA,NA,2005,2000,2012,2007
NCT00238615,2015-04-21,2005-10-11,2012-09-24,Interventional,Phase 2,13,Terminated,Phase II Docetaxel / Carboplatin / XRT + Surgical Resection in Stage III NSCLC,2003-03-01T00:00:00Z,2014-11-01T00:00:00Z,2009-09-01T00:00:00Z,TRUE,NA,None (Open Label),OTHER,FALSE,Stanford University,NA,NA,NA,NA,2005,2003,2014,2009
NCT00242619,2016-12-20,2005-10-19,2016-10-10,Interventional,Not Applicable,12,Completed,Insulin Resistance in Patients With Mood Disorder,2007-07-01T00:00:00Z,2009-12-01T00:00:00Z,2009-12-01T00:00:00Z,TRUE,NA,None (Open Label),OTHER,FALSE,Stanford University,NA,NA,NA,NA,2005,2007,2009,2009
NCT00242632,2017-05-16,2005-10-19,2016-10-10,Interventional,Not Applicable,22,Completed,Treatment With Namenda in Women at Risk for Cognitive Decline,2004-06-01T00:00:00Z,2009-12-01T00:00:00Z,2009-12-01T00:00:00Z,TRUE,Non-Randomized,None (Open Label),OTHER,FALSE,Stanford University,NA,NA,NA,NA,2005,2004,2009,2009
NCT00246532,2012-04-26,2005-10-26,NA,Interventional,Phase 4,139,Completed,Opiate-Induced Tolerance & Hyperalgesia in Pain Patients,2005-10-01T00:00:00Z,2009-08-01T00:00:00Z,2008-12-01T00:00:00Z,FALSE,Randomized,Double,NIH,FALSE,Stanford University,NA,NA,NA,NA,2005,2005,2009,2008
NCT00255086,2017-02-23,2005-11-15,2016-08-23,Interventional,Phase 3,17,Completed,The Effect of Memantine on Brain Structure and Chemistry in Alzheimer's Disease Patients,2005-05-01T00:00:00Z,2010-02-01T00:00:00Z,2009-06-01T00:00:00Z,TRUE,Randomized,Quadruple,OTHER,FALSE,Stanford University,NA,Stanford University,NA,NA,2005,2005,2010,2009
NCT00264238,2017-04-19,2005-12-09,2016-11-07,Interventional,Phase 1/Phase 2,15,Completed,Memantine Augmentation in Obsessive-Compulsive Disorder,2006-01-01T00:00:00Z,2008-06-01T00:00:00Z,2008-06-01T00:00:00Z,TRUE,NA,None (Open Label),OTHER,FALSE,Stanford University,NA,NA,NA,NA,2005,2006,2008,2008
NCT00267774,2017-10-10,2005-12-19,2016-06-17,Interventional,Not Applicable,1005,Completed,Fractional Flow Reserve Versus Angiography for Multivessel Evaluation (F.A.M.E.),2006-01-01T00:00:00Z,2015-09-01T00:00:00Z,2008-09-01T00:00:00Z,TRUE,Randomized,None (Open Label),OTHER,TRUE,Stanford University,NA,NA,NA,NA,2005,2006,2015,2008
NCT00285740,2019-07-19,2006-01-31,NA,Interventional,Not Applicable,25,Completed,Group Cognitive Behavioral Therapy to Treat Depression in an Epilepsy Clinic Setting,2005-08-01T00:00:00Z,2007-01-01T00:00:00Z,2007-01-01T00:00:00Z,FALSE,Randomized,None (Open Label),OTHER,FALSE,Stanford University,NA,NA,NA,NA,2006,2005,2007,2007
NCT00285779,2018-03-20,2006-01-31,2015-01-28,Interventional,Phase 2,27,Terminated,Use of Etanercept in the Treatment of Moderate to Severe Lichen Planus,2006-08-01T00:00:00Z,2009-11-01T00:00:00Z,2009-11-01T00:00:00Z,TRUE,Randomized,Triple,OTHER,TRUE,Stanford University,NA,Stanford University,NA,NA,2006,2006,2009,2009
NCT00285818,2016-12-23,2006-01-31,2016-10-20,Interventional,Not Applicable,11,Completed,Mifepristone Treatment for Patients With Non-psychotic Major Depressive Disorder Receiving Bilateral ECT,2003-01-01T00:00:00Z,2009-04-01T00:00:00Z,2009-01-01T00:00:00Z,TRUE,Randomized,Quadruple,OTHER,FALSE,Stanford University,NA,NA,NA,NA,2006,2003,2009,2009
NCT00285857,2017-01-19,2006-01-31,2016-11-17,Interventional,Phase 2,30,Terminated,Phase 2 Study of Lovastatin as Breast Cancer Chemoprevention,2005-11-01T00:00:00Z,2010-12-01T00:00:00Z,2010-05-01T00:00:00Z,TRUE,NA,None (Open Label),OTHER,FALSE,Stanford University,NA,NA,NA,NA,2006,2005,2010,2010
NCT00313053,2016-06-01,2006-04-07,NA,Interventional,Phase 1,4,Terminated,Study of mAb 216 With Chemotherapy for Treatment of Pediatric Relapsed or Refractory B-progenitor Acute Lymphoblastic Leukemia,2004-09-01T00:00:00Z,2008-07-01T00:00:00Z,2008-04-01T00:00:00Z,FALSE,Non-Randomized,None (Open Label),OTHER,FALSE,Stanford University,NA,NA,NA,NA,2006,2004,2008,2008
NCT00313079,2012-06-29,2006-04-07,NA,Interventional,Phase 1,9,Completed,Monoclonal Antibody (mAb) 216 With Chemotherapy in Adult Relapsed or Refractory B-Lineage Acute Lymphoblastic Leukemia,2006-05-01T00:00:00Z,2009-07-01T00:00:00Z,2009-02-01T00:00:00Z,FALSE,NA,None (Open Label),OTHER,FALSE,NA,NA,NA,Stanford University,NA,2006,2006,2009,2009
NCT00318877,2012-12-12,2006-04-25,NA,Interventional,Not Applicable,79,Completed,Sports to Prevent Obesity,2006-05-01T00:00:00Z,2008-07-01T00:00:00Z,2008-07-01T00:00:00Z,FALSE,Randomized,Single,OTHER,FALSE,Stanford University,NA,Stanford University,NA,NA,2006,2006,2008,2008
NCT00326885,2018-09-18,2006-05-15,2011-06-15,Interventional,Phase 2,32,Completed,Study of the Trifunctional Antibody Catumaxomab to Treat Recurrent Symptomatic Malignant Ascites,2006-06-01T00:00:00Z,2010-08-01T00:00:00Z,2009-12-01T00:00:00Z,TRUE,NA,None (Open Label),INDUSTRY,TRUE,NA,NA,NA,NA,"Stanford University Hospital and Clinics, Department of Obstetrics and Gynecology",2006,2006,2010,2009
NCT00349726,2017-06-19,2006-07-06,NA,Interventional,Phase 2,74,Completed,Single-Dose Intravenous Inositol Pharmacokinetics in Preterm Infants,2006-06-01T00:00:00Z,2007-12-01T00:00:00Z,2007-12-01T00:00:00Z,FALSE,Randomized,Quadruple,NETWORK,TRUE,Stanford University,NA,NA,NA,NA,2006,2006,2007,2007
NCT00349778,2017-11-08,2006-07-05,2017-04-26,Interventional,Phase 2,102,Completed,High-Dose Sequential Therapy and Single Autologous Transplantation for Multiple Myeloma,2006-08-01T00:00:00Z,2010-04-01T00:00:00Z,2009-04-01T00:00:00Z,TRUE,NA,None (Open Label),OTHER,FALSE,Stanford University,NA,NA,NA,NA,2006,2006,2010,2009
NCT00350142,2016-12-26,2006-07-05,2013-12-06,Interventional,Phase 2,20,Completed,Trilogy Stereotactic Body Radiotherapy for Pancreatic Cancer,2006-04-01T00:00:00Z,2008-10-01T00:00:00Z,2008-10-01T00:00:00Z,TRUE,NA,None (Open Label),OTHER,FALSE,Stanford University,NA,NA,NA,NA,2006,2006,2008,2008
NCT00350181,2021-09-16,2006-07-05,NA,Interventional,Phase 2,11,Completed,"Sirolimus & Mycophenolate Mofetil as GVHD Prophylaxis in Myeloablative, Matched Related Donor HCT",2006-08-01T00:00:00Z,2010-04-01T00:00:00Z,2007-08-01T00:00:00Z,FALSE,Non-Randomized,None (Open Label),OTHER,FALSE,Stanford University,NA,NA,NA,NA,2006,2006,2010,2007
NCT00350363,2015-01-26,2006-07-05,2014-05-15,Interventional,Phase 4,60,Completed,One Hour Preoperative Gatifloxacin,2007-01-01T00:00:00Z,2010-12-01T00:00:00Z,2010-12-01T00:00:00Z,TRUE,Non-Randomized,Single,OTHER,FALSE,Stanford University,NA,NA,NA,NA,2006,2007,2010,2010
NCT00354926,2016-01-05,2006-07-18,NA,Interventional,Phase 1,67,Completed,Safety and Efficacy Study of an Anti-CD20 Monoclonal Antibody (AME-133v) to Treat Non-Hodgkin's Lymphoma,2006-07-01T00:00:00Z,2009-01-01T00:00:00Z,2009-01-01T00:00:00Z,FALSE,NA,None (Open Label),INDUSTRY,TRUE,Stanford University,NA,NA,NA,NA,2006,2006,2009,2009
NCT00363298,2017-02-07,2006-08-09,2015-04-20,Interventional,Not Applicable,24,Completed,Dextro-Amphetamine Versus Caffeine in Treatment-resistant OCD,2006-08-01T00:00:00Z,2008-03-01T00:00:00Z,2008-03-01T00:00:00Z,TRUE,Randomized,Double,OTHER,FALSE,Stanford University,NA,NA,NA,NA,2006,2006,2008,2008
NCT00368329,2012-07-13,2006-08-22,NA,Interventional,Phase 1,4,Terminated,Phase I Dose Escalation of Stereotactic Radiosurgical Boost for Locally Advanced Esophageal Cancer,2006-06-01T00:00:00Z,2009-03-01T00:00:00Z,2009-03-01T00:00:00Z,FALSE,Non-Randomized,None (Open Label),OTHER,FALSE,Stanford University,NA,NA,NA,NA,2006,2006,2009,2009
NCT00374621,2017-04-24,2006-09-07,NA,Interventional,Not Applicable,156,Completed,Trial of Cervical Ripening and Labor Induction Using Misoprostol With or Without Intravaginal Isosorbide Mononitrate,2006-09-01T00:00:00Z,2010-01-01T00:00:00Z,2007-12-01T00:00:00Z,FALSE,Randomized,None (Open Label),OTHER,FALSE,Stanford University,NA,NA,NA,NA,2006,2006,2010,2007
NCT00383487,2013-01-25,2006-09-29,NA,Interventional,Phase 2,20,Terminated,A Phase II Trial of Calcitriol and Naproxen in Patients With Recurrent Prostate Cancer,2005-03-01T00:00:00Z,2007-07-01T00:00:00Z,2007-07-01T00:00:00Z,FALSE,Non-Randomized,None (Open Label),OTHER,FALSE,Stanford University,NA,NA,NA,NA,2006,2005,2007,2007
NCT00383500,2017-02-11,2006-09-29,2012-06-06,Interventional,Not Applicable,75,Completed,Lymphedema Prophylaxis in Breast Cancer Survivors Who Show Early Evidence of High-risk Status,2005-05-01T00:00:00Z,2009-09-01T00:00:00Z,2009-07-01T00:00:00Z,TRUE,Randomized,None (Open Label),OTHER,FALSE,Stanford University,NA,NA,NA,NA,2006,2005,2009,2009
NCT00383643,2017-04-26,2006-09-29,2017-02-15,Interventional,Phase 2,48,Completed,Xyrem(Sodium Oxybate) and Ambien(Zolpidem Tartrate) in the Treatment of Chronic Insomnia.,2006-05-01T00:00:00Z,2009-12-01T00:00:00Z,2009-12-01T00:00:00Z,TRUE,Randomized,Triple,OTHER,FALSE,Stanford University,NA,NA,NA,NA,2006,2006,2009,2009
NCT00388349,2017-05-15,2006-10-12,2017-01-09,Interventional,Phase 2,146,Completed,Gemcitabine and Hodgkin's Disease Chemotherapy Followed by Peripheral Blood Stem Cell Rescue for Hodgkin's Disease,2001-09-01T00:00:00Z,2010-09-01T00:00:00Z,2008-03-01T00:00:00Z,TRUE,NA,None (Open Label),OTHER,FALSE,Stanford University,NA,NA,NA,NA,2006,2001,2010,2008
NCT00388362,2017-03-13,2006-10-12,2016-12-07,Interventional,Phase 2,36,Completed,Sirolimus as Treatment of Steroid-Refractory or Steroid-Dependent Chronic Graft-Versus-Host Disease,2005-11-01T00:00:00Z,2012-08-01T00:00:00Z,2010-11-01T00:00:00Z,TRUE,NA,None (Open Label),OTHER,FALSE,Stanford University,NA,NA,NA,NA,2006,2005,2012,2010
NCT00388414,2017-11-07,2006-10-12,2017-04-22,Interventional,Not Applicable,14,Completed,Imaging Study of Chronic Low Back Pain in Patients Taking Pain Medication,2006-09-01T00:00:00Z,2010-01-01T00:00:00Z,2010-01-01T00:00:00Z,TRUE,Randomized,Triple,OTHER,FALSE,Stanford University,NA,NA,NA,NA,2006,2006,2010,2010
NCT00398372,2011-05-31,2006-11-09,NA,Interventional,Not Applicable,500,Completed,Clinical and Pathologic Studies in Non-Hodgkin's Lymphoma Patients Receiving Antibody Treatment,2000-11-01T00:00:00Z,2009-09-01T00:00:00Z,2007-06-01T00:00:00Z,FALSE,Non-Randomized,None (Open Label),OTHER,FALSE,Stanford University,NA,NA,NA,NA,2006,2000,2009,2007
NCT00398632,2017-10-15,2006-11-10,2015-04-19,Interventional,Phase 4,6,Terminated,Switching to Duloxetine to Ameliorate SSRI-Induced Sexual Dysfunction,2006-11-01T00:00:00Z,2009-04-01T00:00:00Z,2009-04-01T00:00:00Z,TRUE,NA,None (Open Label),OTHER,FALSE,Stanford University,NA,NA,NA,NA,2006,2006,2009,2009
NCT00403130,2019-01-30,2006-11-22,2017-02-03,Interventional,Phase 2,31,Completed,"Phase 2 Study of Gemzar, Taxol & Avastin Combination as 1st Line Treatment for Metastatic Breast Cancer",2006-02-01T00:00:00Z,2012-11-01T00:00:00Z,2010-09-01T00:00:00Z,TRUE,NA,None (Open Label),OTHER,FALSE,Stanford University,NA,NA,NA,NA,2006,2006,2012,2010
NCT00404066,2017-11-28,2006-11-22,2017-02-03,Interventional,Phase 2,21,Completed,Phase 2 Neoadjuvant Doxorubicin and Cyclophosphamide -> Docetaxel With Lapatinib in Stage II/III Her2Neu+ Breast Cancer,2006-10-01T00:00:00Z,2011-03-01T00:00:00Z,2010-12-01T00:00:00Z,TRUE,NA,None (Open Label),OTHER,TRUE,Stanford University,NA,NA,NA,NA,2006,2006,2011,2010
NCT00410891,2017-10-04,2006-10-02,2014-05-13,Interventional,Phase 4,129,Completed,Topical Antibiotics and Intravitreous Injections,2008-07-01T00:00:00Z,2009-12-01T00:00:00Z,2009-12-01T00:00:00Z,TRUE,NA,None (Open Label),OTHER,FALSE,Stanford University,NA,NA,NA,NA,2006,2008,2009,2009
NCT00418574,2011-11-17,2007-01-04,2011-07-01,Interventional,Phase 2/Phase 3,888,Terminated,Efficacy Multicentre Trial of ImmunoTherapy Vaccination With Abagovomab to Treat Ovarian Cancer Patients,2006-12-01T00:00:00Z,2011-06-01T00:00:00Z,2010-12-01T00:00:00Z,TRUE,Randomized,Triple,INDUSTRY,TRUE,"COGI (Cooperative Ovarian Cancer Group for Immunotherapy); Dept Obstetrics and Gynecology, Stanford CA",NA,NA,NA,NA,2007,2006,2011,2010
NCT00425945,2014-02-19,2007-01-23,2013-03-29,Interventional,Not Applicable,130,Completed,Understanding Pine Bark Extract as an Alternative Treatment (UPBEAT) Study,2006-10-01T00:00:00Z,2008-08-01T00:00:00Z,2008-08-01T00:00:00Z,TRUE,Randomized,Triple,OTHER,FALSE,Stanford University,NA,NA,NA,NA,2007,2006,2008,2008
NCT00437827,2009-10-23,2007-01-17,NA,Interventional,Not Applicable,120,Completed,rEEG Guided Pharmacotherapy of Subjects With Depression Treatment Failure,2006-08-01T00:00:00Z,2009-10-01T00:00:00Z,2009-10-01T00:00:00Z,FALSE,Randomized,Single,INDUSTRY,TRUE,Stanford University,NA,NA,NA,NA,2007,2006,2009,2009
NCT00441467,2015-03-03,2007-02-27,2015-02-16,Interventional,Phase 2,22,Completed,Safety and Efficacy Study of Glufosfamide in Previously Treated Advanced Soft Tissue Sarcoma,2007-03-01T00:00:00Z,2008-10-01T00:00:00Z,2008-10-01T00:00:00Z,TRUE,NA,None (Open Label),INDUSTRY,TRUE,Stanford University,NA,NA,NA,NA,2007,2007,2008,2008
NCT00458276,2018-07-06,2007-04-06,NA,Interventional,Phase 3,274,Terminated,"Study of the Efficacy and Safety of Tezosentan in Patients With Pre-operative Pulmonary Hypertension, Due to Left Heart Disease, Undergoing Open Heart Surgery",2007-04-01T00:00:00Z,2008-03-01T00:00:00Z,2008-02-01T00:00:00Z,FALSE,Randomized,Triple,INDUSTRY,TRUE,NA,NA,NA,NA,Stanford University,2007,2007,2008,2008
NCT00465647,2015-10-19,2007-04-24,2010-12-22,Interventional,Phase 4,116,Completed,An Open-label Study of Hydromorphone Oral Solution in Subjects Aged 28 Days to 16 Years for Postoperative Pain,2007-04-01T00:00:00Z,2010-04-01T00:00:00Z,2009-05-01T00:00:00Z,TRUE,Non-Randomized,None (Open Label),INDUSTRY,TRUE,Stanford University,NA,NA,NA,NA,2007,2007,2010,2009
NCT00466713,2014-05-12,2007-04-25,NA,Interventional,Not Applicable,NA,Terminated,Defining the Role of Insulin Resistance in 'Idiopathic' Dilated Cardiomyopathy,2007-03-01T00:00:00Z,2007-12-01T00:00:00Z,2007-12-01T00:00:00Z,FALSE,Non-Randomized,None (Open Label),OTHER,FALSE,Stanford University,NA,NA,NA,NA,2007,2007,2007,2007
NCT00467064,2010-01-27,2007-04-25,NA,Interventional,Not Applicable,690,Completed,Arthritis Self-Management Education Program,2006-10-01T00:00:00Z,2008-12-01T00:00:00Z,2007-12-01T00:00:00Z,FALSE,Randomized,None (Open Label),OTHER,TRUE,Stanford University,NA,NA,NA,NA,2007,2006,2008,2007
NCT00472641,2017-03-29,2007-05-11,2016-12-09,Interventional,Phase 4,25,Completed,Geodon in Weight Loss Study for Bipolar Disorders,2007-01-01T00:00:00Z,2009-12-01T00:00:00Z,2009-12-01T00:00:00Z,TRUE,NA,None (Open Label),OTHER,FALSE,Stanford University,NA,NA,NA,NA,2007,2007,2009,2009
NCT00476645,2014-08-04,2007-05-18,2014-06-30,Interventional,Phase 2,10,Completed,Fulvestrant in Hormone Refractory Prostate Cancer,2006-09-01T00:00:00Z,2009-12-01T00:00:00Z,2009-09-01T00:00:00Z,TRUE,NA,None (Open Label),OTHER,FALSE,Stanford University,NA,NA,NA,NA,2007,2006,2009,2009
NCT00477087,2017-10-23,2007-05-18,2017-05-10,Interventional,Phase 2,10,Terminated,Phase II GM-CSF Plus Mitoxantrone in Hormone Refractory Prostate Cancer,2006-07-01T00:00:00Z,2010-01-01T00:00:00Z,2009-10-01T00:00:00Z,TRUE,NA,None (Open Label),OTHER,FALSE,Stanford University,NA,NA,NA,NA,2007,2006,2010,2009
NCT00481845,2016-12-13,2007-05-31,2016-12-13,Interventional,Phase 2,1,Terminated,Phase 2 Anastrozole and Vandetanib (ZD6474) in Neoadjuvant Treatment of Postmenopausal Hormone Receptor-Positive Breast Cancer,2008-01-01T00:00:00Z,2009-12-01T00:00:00Z,2009-12-01T00:00:00Z,TRUE,Randomized,None (Open Label),OTHER,FALSE,"Stanford Cancer Institute, Stanford University Medical Center",NA,NA,NA,NA,2007,2008,2009,2009
NCT00482053,2018-05-11,2007-05-31,2017-10-25,Interventional,Phase 2,3,Terminated,Phase 2 Poor Risk DLBCL of TLI and ATG Followed by Matched Allogeneic HT as Consolidation to Autologous HCT,2006-10-01T00:00:00Z,2010-05-01T00:00:00Z,2010-05-01T00:00:00Z,TRUE,NA,None (Open Label),OTHER,FALSE,Stanford University,NA,NA,NA,NA,2007,2006,2010,2010
NCT00490009,2017-02-28,2007-06-20,2017-01-09,Interventional,Phase 2,9,Completed,Phase 2 Study of Bexxar in Relapsed/Refractory DLCL,2004-09-01T00:00:00Z,2013-06-01T00:00:00Z,2010-04-01T00:00:00Z,TRUE,NA,None (Open Label),OTHER,FALSE,Stanford University,NA,NA,NA,NA,2007,2004,2013,2010
NCT00495391,2014-04-08,2007-07-02,2013-11-18,Interventional,Phase 2,64,Completed,"Study of Nitazoxanide, Peginterferon Alfa-2a and Ribavirin for the Treatment of Hepatitis C",2007-07-01T00:00:00Z,2010-02-01T00:00:00Z,2010-02-01T00:00:00Z,TRUE,Randomized,Double,INDUSTRY,TRUE,Stanford University,NA,NA,NA,NA,2007,2007,2010,2010
NCT00501735,2012-01-18,2007-07-12,NA,Interventional,Phase 2,144,Completed,Forodesine in the Treatment of Cutaneous T-Cell Lymphoma,2007-07-01T00:00:00Z,2011-12-01T00:00:00Z,2010-07-01T00:00:00Z,FALSE,Non-Randomized,None (Open Label),INDUSTRY,TRUE,Stanford University,NA,NA,NA,NA,2007,2007,2011,2010
NCT00506831,2018-08-09,2007-07-24,2012-06-06,Interventional,Phase 1/Phase 2,9,Completed,Imatinib in Systemic Sclerosis,2007-07-01T00:00:00Z,2010-09-01T00:00:00Z,2010-09-01T00:00:00Z,TRUE,NA,None (Open Label),OTHER,FALSE,Stanford University,NA,NA,NA,NA,2007,2007,2010,2010
NCT00523237,2011-10-31,2007-08-29,2011-07-20,Interventional,Not Applicable,14,Completed,RAL-eve Study: Raltegravir Substitution Study,2007-10-01T00:00:00Z,2010-12-01T00:00:00Z,2009-03-01T00:00:00Z,TRUE,Non-Randomized,None (Open Label),OTHER,FALSE,Stanford University,NA,NA,NA,NA,2007,2007,2010,2009
NCT00523458,2011-07-20,2007-08-29,NA,Interventional,Phase 4,5,Terminated,A Study to Determine the Best Dose of Antivirals in Patients With Both TB and HIV,2007-07-01T00:00:00Z,2008-03-01T00:00:00Z,2008-03-01T00:00:00Z,FALSE,Randomized,None (Open Label),OTHER,FALSE,Stanford University,NA,NA,NA,NA,2007,2007,2008,2008
NCT00532909,2012-07-12,2007-09-20,NA,Interventional,Phase 1,13,Completed,"Phase I Vandetanib Plus Capecitabine, Oxaliplatin and Bevacizumab for Metastatic Colorectal Cancer",2006-07-01T00:00:00Z,2010-05-01T00:00:00Z,2010-05-01T00:00:00Z,FALSE,Non-Randomized,None (Open Label),OTHER,FALSE,Stanford University,NA,NA,NA,NA,2007,2006,2010,2010
NCT00533663,2013-06-03,2007-09-20,NA,Interventional,Not Applicable,32,Completed,Healing Touch During Chemotherapy Infusions for Women With Breast Cancer,2007-04-01T00:00:00Z,2010-08-01T00:00:00Z,2010-08-01T00:00:00Z,FALSE,Randomized,None (Open Label),OTHER,FALSE,Stanford University,NA,NA,NA,NA,2007,2007,2010,2010
NCT00533780,2010-06-01,2007-09-20,NA,Interventional,Not Applicable,200,Completed,Effect of Healing Touch on the Experience of Women Undergoing Treatment for Breast Cancer,2005-01-01T00:00:00Z,2008-08-01T00:00:00Z,2008-08-01T00:00:00Z,FALSE,Non-Randomized,None (Open Label),OTHER,FALSE,Stanford University,NA,NA,NA,NA,2007,2005,2008,2008
NCT00541931,2017-11-15,2007-10-05,2015-02-05,Interventional,Not Applicable,37,Completed,Pilot Investigation of a Multinutrient Supplement on Skin Aging and Aging Metabolites in Healthy Women,2007-10-01T00:00:00Z,2012-01-01T00:00:00Z,2008-03-01T00:00:00Z,TRUE,Non-Randomized,Single,OTHER,FALSE,Stanford University,NA,NA,NA,NA,2007,2007,2012,2008
NCT00547144,2012-11-06,2007-10-18,NA,Interventional,Phase 1,2,Completed,Phase I/II Intratumoral DC Immunotherapy With Gemcitabine & XRT in Unresectable Pancreatic Cancer,2005-10-01T00:00:00Z,2008-04-01T00:00:00Z,2008-04-01T00:00:00Z,FALSE,Non-Randomized,None (Open Label),OTHER,FALSE,Stanford University,NA,NA,NA,NA,2007,2005,2008,2008
NCT00550368,2016-10-13,2007-10-25,2016-02-23,Interventional,Not Applicable,45,Completed,Clinical Experiment of Helicobacter Pylori Transmission,2005-08-01T00:00:00Z,2009-04-01T00:00:00Z,2009-04-01T00:00:00Z,TRUE,Non-Randomized,None (Open Label),OTHER,FALSE,Stanford University,NA,NA,NA,NA,2007,2005,2009,2009
NCT00553839,2016-02-04,2007-11-05,2016-02-04,Interventional,Not Applicable,21,Completed,Pharmacokinetics of Ketamine in Infants and Children,2007-07-01T00:00:00Z,2009-01-01T00:00:00Z,2009-01-01T00:00:00Z,TRUE,NA,None (Open Label),OTHER,TRUE,Stanford University,NA,NA,NA,NA,2007,2007,2009,2009
NCT00568555,2015-09-21,2007-12-04,2013-04-10,Interventional,Not Applicable,53,Completed,Effects of Low Dose Naltrexone in Fibromyalgia,2007-06-01T00:00:00Z,2010-01-01T00:00:00Z,2010-01-01T00:00:00Z,TRUE,Randomized,Triple,OTHER,FALSE,NA,NA,NA,Stanford University,NA,2007,2007,2010,2010
NCT00568802,2019-09-11,2007-12-04,2019-09-06,Interventional,Phase 1/Phase 2,27,Completed,A Pilot Therapeutic Trial Using Hydroxyurea in Type II and Type III Spinal Muscular Atrophy Patients,2004-01-01T00:00:00Z,2010-03-01T00:00:00Z,2010-03-01T00:00:00Z,TRUE,Randomized,Double,OTHER,FALSE,Stanford University,NA,NA,NA,NA,2007,2004,2010,2010
NCT00568854,2016-06-30,2007-12-04,2016-04-12,Interventional,Not Applicable,10,Terminated,Immunobiology of Diabetes and Tuberculosis,2007-04-01T00:00:00Z,2008-03-01T00:00:00Z,2008-03-01T00:00:00Z,TRUE,Non-Randomized,None (Open Label),OTHER,FALSE,Stanford University,NA,NA,Stanford University,NA,2007,2007,2008,2008
NCT00575224,2009-11-23,2007-12-15,NA,Interventional,Phase 4,60,Completed,"Pegasys and Copegus for Asian Patients With Treatment-naive Hepatitis C Genotypes 6, 7, 8, 9",2004-10-01T00:00:00Z,2009-09-01T00:00:00Z,2009-09-01T00:00:00Z,FALSE,Randomized,None (Open Label),OTHER,TRUE,Stanford University Medical Center and Pacific Health Foundation,NA,NA,NA,NA,2007,2004,2009,2009
NCT00575731,2015-05-18,2007-12-16,NA,Interventional,Not Applicable,40,Completed,Behavioral Strategies for Weight Management,2006-07-01T00:00:00Z,2009-05-01T00:00:00Z,2008-04-01T00:00:00Z,FALSE,Randomized,Single,OTHER,FALSE,Stanford University,NA,NA,NA,NA,2007,2006,2009,2008
NCT00601354,2013-06-26,2008-01-04,2013-06-18,Interventional,Not Applicable,17,Completed,Adding Guided Self-Help Group Therapy to the Alli Weight Loss Program in Treating Binge Eating Disorder,2007-09-01T00:00:00Z,2008-12-01T00:00:00Z,2008-11-01T00:00:00Z,TRUE,Randomized,Single,OTHER,FALSE,Stanford University Department of Psychiatry,NA,NA,NA,NA,2008,2007,2008,2008
NCT00611247,2018-05-17,2008-01-25,2014-04-29,Interventional,Phase 2,42,Completed,Phase 2 Study of Temozolomide to Treat Poor Risk / Refractory Acute Myeloid Leukemia,2007-12-01T00:00:00Z,2010-01-01T00:00:00Z,2009-12-01T00:00:00Z,TRUE,Non-Randomized,None (Open Label),OTHER,FALSE,Stanford University,NA,NA,NA,NA,2008,2007,2010,2009
NCT00612378,2014-06-23,2008-01-18,NA,Interventional,Not Applicable,94,Completed,A Multi-center Acute Efficacy Trial of GFX For Reduction of Glabellar Furrowing,2007-09-01T00:00:00Z,2008-03-01T00:00:00Z,2008-02-01T00:00:00Z,FALSE,NA,None (Open Label),INDUSTRY,TRUE,NA,NA,"Director, Premier Plastic Surgery; Academic - Clinical Assistant Professor, Facial Plastic & Reconstructive Surgery and Otholaryngology - Head & Neck Surgery, Stanford University Medical center/Palo Alto VA",NA,NA,2008,2007,2008,2008
NCT00615771,2016-11-23,2008-02-01,NA,Interventional,Not Applicable,242,Completed,Day of Embryo Transfer for Patients Undergoing In Vitro Fertilization,2007-01-01T00:00:00Z,2009-03-01T00:00:00Z,2009-03-01T00:00:00Z,FALSE,Randomized,None (Open Label),OTHER,FALSE,Stanford University,NA,NA,NA,NA,2008,2007,2009,2009
NCT00627705,2017-04-10,2008-02-22,2016-08-12,Interventional,Phase 2,43,Completed,A Study of N-Acetyl Cysteine in Children With Autism,2008-02-01T00:00:00Z,2010-09-01T00:00:00Z,2010-09-01T00:00:00Z,TRUE,Randomized,Quadruple,OTHER,FALSE,Stanford University,NA,NA,NA,NA,2008,2008,2010,2010
NCT00636181,2019-07-25,2008-02-06,2018-10-18,Interventional,Not Applicable,168,Completed,Positive Pressure Treatment of Obstructive Sleep Apnea,2008-01-01T00:00:00Z,2009-03-01T00:00:00Z,2009-03-01T00:00:00Z,TRUE,Randomized,Double,INDUSTRY,TRUE,Stanford University,NA,NA,NA,NA,2008,2008,2009,2009
NCT00637533,2011-01-18,2008-03-11,NA,Interventional,Not Applicable,10,Completed,"A Pilot Clinical Trial of Sympathetic Blockade With Botulinum Toxin Type A to Treat Complex Regional Pain Syndrome (CRPS): a Randomized, Double-Blind, Controlled, Crossover Trial.",2004-05-01T00:00:00Z,2007-05-01T00:00:00Z,2007-05-01T00:00:00Z,FALSE,Randomized,Double,OTHER,FALSE,Stanford University,NA,NA,NA,NA,2008,2004,2007,2007
NCT00637923,2014-01-09,2008-03-11,2013-11-18,Interventional,Phase 2,112,Completed,"Study of Nitazoxanide, Peginterferon Alfa-2a and Ribavirin in Treatment-Naive Hepatitis C Patients",2008-03-01T00:00:00Z,2010-04-01T00:00:00Z,2010-04-01T00:00:00Z,TRUE,Randomized,Quadruple,INDUSTRY,TRUE,Stanford University,NA,NA,NA,NA,2008,2008,2010,2010
NCT00638365,2014-06-04,2008-03-12,2011-07-12,Interventional,Phase 1/Phase 2,27,Completed,Dose Escalation Study of KB001 in Cystic Fibrosis Patients Infected With Pseudomonas Aeruginosa,2008-03-01T00:00:00Z,2009-04-01T00:00:00Z,2009-03-01T00:00:00Z,TRUE,Randomized,Triple,INDUSTRY,TRUE,Stanford University,NA,NA,NA,NA,2008,2008,2009,2009
NCT00644280,2013-07-25,2008-03-24,2013-05-29,Interventional,Not Applicable,11,Terminated,Ranibizumab in Preventing Failure of Ahmed Valve Glaucoma Surgery,2008-04-01T00:00:00Z,2011-01-01T00:00:00Z,2010-12-01T00:00:00Z,TRUE,Randomized,None (Open Label),OTHER,FALSE,NA,NA,NA,NA,Stanford University,2008,2008,2011,2010
NCT00645658,2012-05-03,2008-03-25,NA,Interventional,Not Applicable,17,Completed,Testosterone Replacement Therapy in Advanced Chronic Kidney Disease,2007-08-01T00:00:00Z,2010-08-01T00:00:00Z,2010-08-01T00:00:00Z,FALSE,Randomized,None (Open Label),OTHER,TRUE,Stanford University,NA,NA,NA,NA,2008,2007,2010,2010
NCT00656019,2017-10-26,2008-04-04,2017-01-31,Interventional,Phase 2,63,Completed,Development of Vitamin D as a Therapy for Breast Cancer - Phase 2,2008-04-01T00:00:00Z,2011-12-01T00:00:00Z,2010-08-01T00:00:00Z,TRUE,Non-Randomized,None (Open Label),OTHER,FALSE,Stanford University,NA,NA,NA,NA,2008,2008,2011,2010
NCT00660049,2017-11-15,2008-04-04,2016-05-26,Interventional,Not Applicable,12,Completed,Feasibility Study of a Novel Device for Chronic Wounds,2008-03-01T00:00:00Z,2010-08-01T00:00:00Z,2010-07-01T00:00:00Z,TRUE,NA,None (Open Label),OTHER,FALSE,Stanford University,NA,NA,NA,NA,2008,2008,2010,2010
NCT00661674,2017-04-25,2008-04-15,2016-02-08,Interventional,Not Applicable,10,Completed,Palonosetron and Hydroxyzine to Reduce Opioid Withdrawal,2008-04-01T00:00:00Z,2008-08-01T00:00:00Z,2008-08-01T00:00:00Z,TRUE,Randomized,Triple,OTHER,FALSE,Stanford University,NA,NA,NA,NA,2008,2008,2008,2008
NCT00671177,2017-03-20,2008-05-01,2017-01-17,Interventional,Not Applicable,229,Completed,Clinical Evaluation of Water Immersion Colonoscopy Insertion Technique,2007-09-01T00:00:00Z,2008-06-01T00:00:00Z,2008-06-01T00:00:00Z,TRUE,Randomized,Single,FED,FALSE,VA Palo Alto/Stanford University Medical Center,NA,NA,NA,NA,2008,2007,2008,2008
NCT00672438,2017-01-04,2008-05-02,2013-05-28,Interventional,Not Applicable,242,Completed,Heritability of Opioid Effects: A Twin Study,2008-05-01T00:00:00Z,2010-06-01T00:00:00Z,2010-06-01T00:00:00Z,TRUE,Randomized,Double,OTHER,FALSE,Stanford University,NA,NA,NA,NA,2008,2008,2010,2010
NCT00676195,2017-02-08,2008-05-07,2016-08-12,Interventional,Phase 2,24,Completed,An Open-Label Study of N-Acetyl Cysteine in Children With Autism,2008-06-01T00:00:00Z,2010-06-01T00:00:00Z,2010-06-01T00:00:00Z,TRUE,NA,None (Open Label),OTHER,FALSE,Stanford University,NA,NA,NA,NA,2008,2008,2010,2010
NCT00683956,2011-11-22,2008-05-22,NA,Interventional,Phase 1,35,Completed,Evaluation of a Closed-Loop Control System for Administering Patient-Specific Anesthesia,2008-05-01T00:00:00Z,2009-09-01T00:00:00Z,2009-07-01T00:00:00Z,FALSE,Randomized,Single,OTHER,FALSE,Stanford University,NA,NA,NA,NA,2008,2008,2009,2009
NCT00695864,2017-05-09,2008-06-09,2015-11-13,Interventional,Not Applicable,31,Completed,Effect of Ondansetron for Withdrawal Symptoms,2008-05-01T00:00:00Z,2009-07-01T00:00:00Z,2009-07-01T00:00:00Z,TRUE,Non-Randomized,Double,OTHER,FALSE,Stanford University,NA,NA,NA,NA,2008,2008,2009,2009
NCT00725270,2017-02-01,2008-07-28,2016-10-11,Interventional,Phase 2/Phase 3,12,Terminated,Treatment of Schizoaffective Disorder Using Mifepristone,1998-04-01T00:00:00Z,2009-05-01T00:00:00Z,2009-05-01T00:00:00Z,TRUE,Randomized,Triple,OTHER,FALSE,NA,NA,Stanford University,NA,NA,2008,1998,2009,2009
NCT00725361,2017-03-01,2008-07-28,2016-12-20,Interventional,Not Applicable,20,Completed,A Study to Evaluate the Efficacy of an Oral Medication in the Treatment and Prevention of Digital Ulcers in Patients With Systemic Sclerosis (Scleroderma).,2008-06-01T00:00:00Z,2010-12-01T00:00:00Z,2010-12-01T00:00:00Z,TRUE,NA,None (Open Label),OTHER,FALSE,Stanford University,NA,NA,NA,NA,2008,2008,2010,2010
NCT00733603,2021-03-18,2008-08-12,NA,Interventional,Not Applicable,81,Completed,Physical Therapy in Women With Interstitial Cystitis,2008-06-01T00:00:00Z,2009-12-01T00:00:00Z,2009-12-01T00:00:00Z,FALSE,Randomized,Single,NIH,TRUE,Stanford University,NA,NA,NA,NA,2008,2008,2009,2009
NCT00735072,2020-07-23,2008-08-12,2011-06-05,Interventional,Phase 4,45,Completed,Maraviroc as an Immunomodulatory Drug for Antiretroviral-treated HIV Infected Patients Exhibiting Immunologic Failure,2008-09-01T00:00:00Z,2010-07-01T00:00:00Z,2010-04-01T00:00:00Z,TRUE,Randomized,Quadruple,OTHER,TRUE,Stanford University,NA,NA,NA,NA,2008,2008,2010,2010
NCT00756405,2020-08-06,2008-09-19,NA,Interventional,Not Applicable,88,Completed,Effects of Dietary Antioxidants on Cardiovascular Risk Factors,2007-03-01T00:00:00Z,2008-12-01T00:00:00Z,2008-12-01T00:00:00Z,FALSE,Randomized,Quadruple,OTHER,FALSE,Stanford University,NA,NA,NA,NA,2008,2007,2008,2008
NCT00767273,2012-06-07,2008-10-03,NA,Interventional,Not Applicable,30,Completed,Investigate Role of Metabolic Imaging in Predicting Tumor Response/Outcome After Pancreatic CA Tx,2006-10-01T00:00:00Z,2007-12-01T00:00:00Z,2007-12-01T00:00:00Z,FALSE,Non-Randomized,None (Open Label),OTHER,FALSE,Stanford University,NA,NA,NA,NA,2008,2006,2007,2007
NCT00779558,2015-06-10,2008-10-22,2015-05-28,Interventional,Not Applicable,90,Completed,Heparin and the Reduction of Thrombosis (HART) Trial,2005-11-01T00:00:00Z,2007-11-01T00:00:00Z,2007-11-01T00:00:00Z,TRUE,Randomized,Quadruple,OTHER,FALSE,Stanford University,NA,NA,NA,NA,2008,2005,2007,2007
NCT00787956,2013-04-09,2008-11-06,NA,Interventional,Phase 3,300,Completed,Internet Chronic Disease Self-Management Program for Australia,2008-10-01T00:00:00Z,2010-08-01T00:00:00Z,2010-07-01T00:00:00Z,FALSE,Non-Randomized,None (Open Label),OTHER,TRUE,Stanford University,NA,NA,NA,NA,2008,2008,2010,2010
NCT00796705,2012-09-28,2008-11-20,2012-07-05,Interventional,Phase 4,13,Terminated,Switching Anti-TNF-Alpha Agents in Rheumatoid Arthritis (RA),2008-11-01T00:00:00Z,2010-10-01T00:00:00Z,2010-10-01T00:00:00Z,TRUE,Randomized,Double,NIH,TRUE,NA,NA,NA,NA,Stanford University,2008,2008,2010,2010
NCT00799786,2010-08-12,2008-11-26,NA,Interventional,Phase 1,120,Completed,"Building Better Caregivers Online: An Online Workshop for Caregivers of Those With Traumatic Brain Injury, Post Traumatic Stress Disorder, or Alzheimer's or Other Dementia",2008-11-01T00:00:00Z,2009-12-01T00:00:00Z,2009-07-01T00:00:00Z,FALSE,Non-Randomized,None (Open Label),OTHER,TRUE,Stanford University,NA,NA,NA,NA,2008,2008,2009,2009
NCT00800098,2019-09-22,2008-11-26,NA,Interventional,Early Phase 1,22,Completed,"Effects of an Herbal Topical Cream on Osteoarthritis Symptoms, Biomarkers, and Disease Progression in the Knee",2008-12-01T00:00:00Z,2010-02-01T00:00:00Z,2009-09-01T00:00:00Z,FALSE,Non-Randomized,Double,OTHER,FALSE,Stanford University,NA,NA,NA,NA,2008,2008,2010,2009
NCT00804427,2017-05-24,2008-12-04,NA,Interventional,Not Applicable,60,Completed,Effect of Fish Oil on Plasma Triglycerides in Adults,2008-12-01T00:00:00Z,2010-04-01T00:00:00Z,2010-02-01T00:00:00Z,FALSE,Randomized,Quadruple,OTHER,FALSE,Stanford University,NA,NA,NA,NA,2008,2008,2010,2010
NCT00804609,2017-09-11,2008-10-23,2015-02-03,Interventional,Not Applicable,30,Completed,Effects of Epidural Lidocaine on the Pharmacokinetic and Pharmacodynamic Profiles of DepoDurÂ® After Cesarean Delivery,2008-09-01T00:00:00Z,2010-12-01T00:00:00Z,2010-12-01T00:00:00Z,TRUE,Randomized,Quadruple,OTHER,FALSE,Stanford University,NA,NA,NA,NA,2008,2008,2010,2010
NCT00812890,2011-07-20,2008-12-18,NA,Interventional,Phase 1,400,Completed,Exploring Semi-Quantitative Pregnancy Tests and Their Impact on Reproductive Health Service Provision,2008-11-01T00:00:00Z,2009-09-01T00:00:00Z,2009-09-01T00:00:00Z,FALSE,Non-Randomized,None (Open Label),OTHER,TRUE,Stanford University,NA,NA,NA,NA,2008,2008,2009,2009
NCT00825266,2017-02-13,2009-01-16,2016-11-21,Interventional,Phase 2,2,Terminated,Insulin Resistance in Pulmonary Arterial Hypertension,2008-09-01T00:00:00Z,2010-05-01T00:00:00Z,2010-05-01T00:00:00Z,TRUE,Randomized,Triple,OTHER,FALSE,Stanford University,NA,NA,NA,NA,2009,2008,2010,2010
NCT00854620,2015-05-20,2009-02-27,2015-01-06,Interventional,Phase 2,9,Completed,Safety and Toxicity Study of Sorafenib in Patients With Kidney Cancer,2007-12-01T00:00:00Z,2011-01-01T00:00:00Z,2009-07-01T00:00:00Z,TRUE,NA,None (Open Label),OTHER,FALSE,Stanford University,NA,NA,NA,NA,2009,2007,2011,2009
NCT00855647,2010-06-01,2009-03-02,NA,Interventional,Phase 2,99999,Completed,Hypofractionated Radiotherapy for Localized Prostate Cancer (With CyberKnife or With IMRT),2003-08-01T00:00:00Z,2009-07-01T00:00:00Z,2009-03-01T00:00:00Z,FALSE,Non-Randomized,None (Open Label),OTHER,FALSE,Stanford University,NA,NA,NA,NA,2009,2003,2009,2009
NCT00867360,2017-02-15,2009-03-20,2016-11-15,Interventional,Phase 3,10,Terminated,Treatment of Psychotic Major Depression With Mifepristone,2005-08-01T00:00:00Z,2009-05-01T00:00:00Z,2009-05-01T00:00:00Z,TRUE,Randomized,Triple,OTHER,FALSE,Stanford University,NA,NA,NA,NA,2009,2005,2009,2009
NCT00874393,2017-05-23,2009-04-01,NA,Interventional,Phase 1,10,Completed,Early Blood Pressure Management in Extremely Premature Infants,2009-07-01T00:00:00Z,2011-12-01T00:00:00Z,2010-12-01T00:00:00Z,FALSE,Randomized,Quadruple,NETWORK,TRUE,Stanford University,NA,NA,NA,NA,2009,2009,2011,2010
NCT00878787,2014-05-28,2009-03-20,NA,Interventional,Not Applicable,5,Completed,Theta-burst Transcranial Magnetic Stimulation,2008-01-01T00:00:00Z,2010-01-01T00:00:00Z,2010-01-01T00:00:00Z,FALSE,Non-Randomized,None (Open Label),OTHER,FALSE,Stanford University,NA,NA,NA,NA,2009,2008,2010,2010
NCT00926536,2016-03-10,2009-06-22,2014-12-04,Interventional,Not Applicable,84,Completed,Impact of C-arm CT in Patients With HCC Undergoing TACE: Optimal Imaging Guidance,2009-04-01T00:00:00Z,2010-03-01T00:00:00Z,2010-03-01T00:00:00Z,TRUE,Randomized,None (Open Label),OTHER,FALSE,Stanford University,NA,NA,NA,NA,2009,2009,2010,2010
NCT00927888,2016-04-19,2009-06-23,2012-12-18,Interventional,Phase 4,56,Completed,Postoperative Pain and Functional Patient Outcomes After Functional Endoscopic Sinus Surgery,2007-08-01T00:00:00Z,2010-08-01T00:00:00Z,2010-03-01T00:00:00Z,TRUE,Randomized,Quadruple,OTHER,FALSE,Stanford University,NA,NA,NA,NA,2009,2007,2010,2010
NCT00946530,2018-10-01,2009-07-23,2013-12-05,Interventional,Not Applicable,118,Completed,Light Treatment for Sleep/Wake Disturbances in Alzheimer's Disease,2004-09-01T00:00:00Z,2010-12-01T00:00:00Z,2010-12-01T00:00:00Z,TRUE,Randomized,Triple,OTHER,FALSE,Stanford University,NA,NA,NA,NA,2009,2004,2010,2010
NCT00947154,2015-05-31,2009-07-23,2015-04-19,Interventional,Not Applicable,12,Completed,Trial of Aripiprazole in Trichotillomania,2009-07-01T00:00:00Z,2010-07-01T00:00:00Z,2010-07-01T00:00:00Z,TRUE,NA,None (Open Label),OTHER,FALSE,Stanford University,NA,NA,NA,NA,2009,2009,2010,2010
NCT00947167,2017-01-12,2009-07-23,2017-01-12,Interventional,Phase 2,4,Terminated,A Phase II Study of Pertuzumab and Erlotinib for Metastatic or Unresectable Neuroendocrine Tumors,2009-03-01T00:00:00Z,2010-05-01T00:00:00Z,2010-05-01T00:00:00Z,TRUE,NA,None (Open Label),OTHER,FALSE,Stanford University,NA,NA,NA,NA,2009,2009,2010,2010
NCT00965003,2017-10-03,2009-08-21,NA,Interventional,Early Phase 1,3,Terminated,MRI Laryngeal Imaging With a Surface Coil,2009-07-01T00:00:00Z,2010-01-01T00:00:00Z,2010-01-01T00:00:00Z,FALSE,NA,None (Open Label),OTHER,FALSE,Stanford University,NA,NA,NA,NA,2009,2009,2010,2010
NCT01011842,2019-04-05,2009-11-09,NA,Interventional,Not Applicable,11,Terminated,Real-Time kV Imaging vs. Real-Time 3D Patient Surface Tracking for Head & Neck Cancer,2009-10-01T00:00:00Z,2011-11-01T00:00:00Z,2010-03-01T00:00:00Z,FALSE,NA,None (Open Label),OTHER,FALSE,Stanford University,NA,NA,NA,NA,2009,2009,2011,2010
NCT01024296,2017-09-15,2009-11-13,2017-09-15,Interventional,Not Applicable,4,Completed,Efficacy Study to Evaluate Laparoscopic Fascial Closure Device,2009-07-01T00:00:00Z,2010-03-01T00:00:00Z,2010-03-01T00:00:00Z,TRUE,NA,None (Open Label),OTHER,FALSE,Stanford University,NA,NA,NA,NA,2009,2009,2010,2010
NCT01057498,2012-01-11,2010-01-25,NA,Interventional,Phase 1,36,Completed,Safety Study of Nebulized RNS60 to Treat Asthma.,2010-05-01T00:00:00Z,2011-01-01T00:00:00Z,2010-11-01T00:00:00Z,FALSE,Non-Randomized,None (Open Label),INDUSTRY,TRUE,Stanford University,NA,NA,NA,NA,2010,2010,2011,2010
NCT01080677,2017-01-04,2010-03-02,2015-01-28,Interventional,Phase 2,60,Completed,Caffeine/Propranolol Intervention for Acute Migraine,2007-01-01T00:00:00Z,2009-12-01T00:00:00Z,2009-09-01T00:00:00Z,TRUE,Randomized,Double,OTHER,FALSE,Stanford University,NA,NA,NA,NA,2010,2007,2009,2009
NCT01094574,2017-01-04,2010-03-02,2016-06-28,Interventional,Not Applicable,10,Completed,Evaluation of Propranolol's Effect on Pain and Inflammation.,2010-01-01T00:00:00Z,2010-08-01T00:00:00Z,2010-06-01T00:00:00Z,TRUE,Randomized,Double,OTHER,FALSE,Stanford University,NA,NA,NA,NA,2010,2010,2010,2010
NCT01094678,2014-09-09,2010-03-25,NA,Interventional,Not Applicable,788,Completed,ZilverÂ® PTXâ„¢ Global Registry,2006-04-01T00:00:00Z,2011-04-01T00:00:00Z,2009-01-01T00:00:00Z,FALSE,NA,None (Open Label),INDUSTRY,TRUE,Stanford University,NA,NA,NA,NA,2010,2006,2011,2009
NCT01097902,2013-06-18,2010-03-31,NA,Interventional,Phase 1,15,Completed,Study of Experimental Models of Pain and Inflammation.,2010-02-01T00:00:00Z,2010-09-01T00:00:00Z,2010-09-01T00:00:00Z,FALSE,Randomized,Triple,OTHER,FALSE,Stanford University,NA,NA,NA,NA,2010,2010,2010,2010
NCT01108016,2010-12-02,2010-04-14,NA,Interventional,Phase 3,100,Completed,Expanding Rural Access: Distance Delivery of Support Groups (Main Study),2008-05-01T00:00:00Z,2010-07-01T00:00:00Z,2010-07-01T00:00:00Z,FALSE,Randomized,None (Open Label),OTHER,FALSE,Stanford University,NA,NA,NA,NA,2010,2008,2010,2010
NCT01108458,2017-01-12,2010-04-20,2017-01-12,Interventional,Phase 2,1,Terminated,A Phase 2 Study of Pertuzumab and Erlotinib for Refractory Pancreatic Adenocarcinoma,2010-07-01T00:00:00Z,2011-03-01T00:00:00Z,2010-11-01T00:00:00Z,TRUE,NA,None (Open Label),OTHER,FALSE,Stanford University,NA,NA,NA,NA,2010,2010,2011,2010
NCT01129050,2017-05-31,2010-05-20,NA,Interventional,Not Applicable,102,Completed,Effects of Omega-3 Fatty Acids on Markers of Inflammation,2007-04-01T00:00:00Z,2008-12-01T00:00:00Z,2008-12-01T00:00:00Z,FALSE,Randomized,Triple,OTHER,FALSE,Stanford University,NA,NA,NA,NA,2010,2007,2008,2008
NCT01129778,2017-06-02,2010-05-21,2017-01-07,Interventional,Not Applicable,27,Terminated,Assessment of Zegerid on Esophageal pH in Patients With Barrett's Esophagus,2009-11-01T00:00:00Z,2010-12-01T00:00:00Z,2010-07-01T00:00:00Z,TRUE,NA,None (Open Label),OTHER,FALSE,Stanford University,NA,NA,NA,NA,2010,2009,2010,2010
NCT01129791,2017-05-31,2010-05-21,NA,Interventional,Not Applicable,16,Completed,Effects of Raw Versus Other Milk Sources on Lactose Digestion,2010-02-01T00:00:00Z,2010-09-01T00:00:00Z,2010-09-01T00:00:00Z,FALSE,Randomized,Quadruple,OTHER,FALSE,Stanford University,NA,NA,NA,NA,2010,2010,2010,2010
NCT01135342,2017-05-31,2010-06-01,NA,Interventional,Not Applicable,28,Completed,Adding Sleep Intervention to Traditional Diet and Exercise Approach to Weight Loss,2009-07-01T00:00:00Z,2010-03-01T00:00:00Z,2010-03-01T00:00:00Z,FALSE,Randomized,Single,OTHER,FALSE,Stanford University,NA,NA,NA,NA,2010,2009,2010,2010
NCT01144767,2015-12-08,2010-06-14,NA,Interventional,Not Applicable,40,Completed,Computer-Based Physical Activity Advice for Ethnic Minority Aging Adults,2008-11-01T00:00:00Z,2010-04-01T00:00:00Z,2010-04-01T00:00:00Z,FALSE,Randomized,Single,OTHER,FALSE,Stanford University,NA,NA,NA,NA,2010,2008,2010,2010
NCT01171794,2018-11-21,2010-07-27,2014-10-08,Interventional,Phase 3,89,Completed,Prevention of Altitude Illness With Non-steroidal Anti-inflammatory Study (PAINS),2010-07-01T00:00:00Z,2010-08-01T00:00:00Z,2010-08-01T00:00:00Z,TRUE,Randomized,Triple,OTHER,FALSE,Stanford University,NA,NA,NA,NA,2010,2010,2010,2010
NCT01218399,2017-07-18,2010-10-07,2015-01-23,Interventional,Not Applicable,10,Completed,Use of Symbicort or Pulmicort to Treat Viral-mediated Asthma Exacerbations,2009-09-01T00:00:00Z,2010-07-01T00:00:00Z,2010-07-01T00:00:00Z,TRUE,Randomized,Single,OTHER,FALSE,Stanford University,NA,NA,NA,NA,2010,2009,2010,2010
NCT01220297,2017-05-31,2009-11-24,2017-03-13,Interventional,Phase 2,3,Terminated,"Sirolimus & Mycophenolate Mofetil as GvHD Prophylaxis in Myeloablative, Matched Related Donor HCT",2006-08-01T00:00:00Z,2011-08-01T00:00:00Z,2010-08-01T00:00:00Z,TRUE,Non-Randomized,None (Open Label),OTHER,FALSE,Stanford University,NA,NA,NA,NA,2009,2006,2011,2010
NCT01220310,2016-04-18,2010-08-12,NA,Interventional,Phase 3,57,Completed,Doctors and Web-based Self-management Support Pilot Study,2008-10-01T00:00:00Z,2009-08-01T00:00:00Z,2009-08-01T00:00:00Z,FALSE,NA,None (Open Label),OTHER,TRUE,Stanford University,NA,NA,NA,NA,2010,2008,2009,2009
NCT01254045,2020-03-16,2010-12-02,2011-08-03,Interventional,Phase 2,10,Completed,Double-blind Placebo Controlled Study of Oxytocin in Fragile X Syndrome,2007-02-01T00:00:00Z,2010-01-01T00:00:00Z,2009-11-01T00:00:00Z,TRUE,Randomized,Quadruple,OTHER,FALSE,Stanford University,NA,NA,NA,NA,2010,2007,2010,2009
NCT01270607,2013-05-22,2010-04-14,NA,Interventional,Not Applicable,10,Completed,Acupuncture and Pain Processing,2010-04-01T00:00:00Z,2012-08-01T00:00:00Z,2010-12-01T00:00:00Z,FALSE,Non-Randomized,None (Open Label),OTHER,FALSE,Stanford University,NA,NA,NA,NA,2010,2010,2012,2010
NCT01322386,2016-04-18,2011-02-10,2015-05-22,Interventional,Phase 1,32,Completed,Gastrointestinal Microbiota in Primary Sclerosing Cholangitis and Biliary Atresia With Vancomycin,2007-05-01T00:00:00Z,2012-01-01T00:00:00Z,2010-10-01T00:00:00Z,TRUE,NA,None (Open Label),OTHER,TRUE,Stanford University,NA,NA,NA,NA,2011,2007,2012,2010
NCT01330030,2016-06-29,2010-11-08,2016-03-01,Interventional,Phase 2,243,Completed,Selegiline Patch for Treatment of Nicotine Dependence,2005-07-01T00:00:00Z,2011-07-01T00:00:00Z,2008-08-01T00:00:00Z,TRUE,Randomized,Quadruple,OTHER,FALSE,Stanford University,NA,NA,NA,NA,2010,2005,2011,2008
NCT01396031,2020-08-20,2011-07-11,NA,Interventional,Not Applicable,5,Completed,Feasibility Study of Exercises for Myeloablative Allogeneic Blood and Marrow Transplantation (BMT) Patients,2007-08-01T00:00:00Z,2011-01-01T00:00:00Z,2010-01-01T00:00:00Z,FALSE,NA,None (Open Label),OTHER,FALSE,Stanford University,NA,NA,NA,NA,2011,2007,2011,2010
NCT01401335,2011-07-21,2011-07-19,NA,Interventional,Not Applicable,120,Completed,HIV Prevention and Care of Psychological Trauma in Vulnerable Rwandan Youth,2009-10-01T00:00:00Z,2011-06-01T00:00:00Z,2010-12-01T00:00:00Z,FALSE,Randomized,None (Open Label),OTHER,TRUE,Stanford University,NA,NA,NA,NA,2011,2009,2011,2010
NCT01987349,2017-04-03,2013-10-24,2017-01-11,Interventional,Phase 4,72,Completed,"T-cell And General Immune Response to Seasonal Influenza Vaccine (SLVP018) - Year 1, 2009",2009-09-01T00:00:00Z,2010-01-01T00:00:00Z,2010-01-01T00:00:00Z,TRUE,Non-Randomized,None (Open Label),OTHER,FALSE,Stanford University,NA,NA,NA,NA,2013,2009,2010,2010
NCT02133781,2018-05-07,2014-05-06,2017-01-13,Interventional,Phase 4,51,Completed,"B-cell Immunity to Influenza (SLVP017)- Year 1, 2009",2009-07-01T00:00:00Z,2009-12-01T00:00:00Z,2009-12-01T00:00:00Z,TRUE,Randomized,None (Open Label),OTHER,FALSE,Stanford University,NA,NA,NA,NA,2014,2009,2009,2009
NCT02988908,2017-02-09,2010-05-11,NA,Interventional,Phase 4,198,Completed,Memory and Mental Health in Aging,2000-04-01T00:00:00Z,2007-09-01T00:00:00Z,2007-09-01T00:00:00Z,FALSE,Randomized,Quadruple,OTHER,FALSE,Stanford University,NA,NA,NA,NA,2010,2000,2007,2007
NCT03020472,2021-09-21,2017-01-11,2017-01-12,Interventional,Phase 4,6,Terminated,"Kinetics of B-Cell Responses to Live, Attenuated Influenza Vaccine (LAIV) in Young Children Two Years of Age",2008-11-01T00:00:00Z,2009-01-01T00:00:00Z,2009-01-01T00:00:00Z,TRUE,NA,None (Open Label),OTHER,FALSE,Stanford University,NA,NA,NA,NA,2017,2008,2009,2009
