nct_id,last_update_submitted_date,registration_date,summary_results_date,study_type,phase,enrollment,recruitment_status,title,start_date,completion_date,primary_completion_date,has_summary_results,allocation,masking,main_sponsor,is_multicentric,ucla_principal_investigator,ucla_study_chair,ucla_study_director,ucla_unspecified_official,registration_year,start_year,completion_year,primary_completion_year
NCT00040326,2010-02-22,2002-06-24,NA,Interventional,Phase 3,200,Completed,Early Surgical Intervention to Treat Epilepsy,2002-07-01T00:00:00Z,2007-11-01T00:00:00Z,2007-11-01T00:00:00Z,FALSE,Randomized,Double,OTHER,TRUE,"UCLA School of Medicine, Department of Neurology",NA,NA,NA,2002,2002,2007,2007
NCT00043693,2012-08-07,2002-08-12,NA,Interventional,Not Applicable,108,Completed,Family Intervention for Mental Illness and Substance Abuse,2002-04-01T00:00:00Z,2008-12-01T00:00:00Z,2008-12-01T00:00:00Z,FALSE,Randomized,None (Open Label),OTHER,TRUE,"University of California, Los Angeles",NA,NA,NA,2002,2002,2008,2008
NCT00072657,2013-04-01,2003-11-07,NA,Interventional,Not Applicable,106,Completed,Cognitive-Behavioral Therapy and Tai Chi Chih for Patients With Rheumatoid Arthritis,2004-02-01T00:00:00Z,2009-03-01T00:00:00Z,2009-03-01T00:00:00Z,FALSE,Randomized,Single,OTHER,FALSE,"University of California, Los Angeles",NA,NA,NA,2003,2004,2009,2009
NCT00076817,2012-10-26,2004-02-03,NA,Interventional,Phase 1,18,Completed,Safety and Effectiveness of Administering an HIV Vaccine in the Groin Versus the Arm,2006-06-01T00:00:00Z,2008-09-01T00:00:00Z,2007-09-01T00:00:00Z,FALSE,Randomized,Double,NIH,FALSE,"University of California, Los Angeles",NA,NA,NA,2004,2006,2008,2007
NCT00094042,2010-01-26,2004-10-08,NA,Interventional,Not Applicable,16000,Completed,Work and Iron Status Evaluation,2002-01-01T00:00:00Z,2007-07-01T00:00:00Z,2007-07-01T00:00:00Z,FALSE,Randomized,Double,NIH,FALSE,"Department of Economics, UCLA",NA,NA,NA,2004,2002,2007,2007
NCT00095420,2022-02-08,2004-11-04,NA,Interventional,Not Applicable,60,Completed,Relationship Training for Children With Autism and Their Peers,2003-09-01T00:00:00Z,2008-06-01T00:00:00Z,2008-06-01T00:00:00Z,FALSE,Randomized,None (Open Label),OTHER,FALSE,"University of California, Los Angeles",NA,NA,NA,2004,2003,2008,2008
NCT00095706,2015-09-23,2004-11-05,NA,Interventional,Phase 1/Phase 2,50,Completed,Treatment of HER2-Positive Metastatic Breast Cancer With Herceptin and Bevacizumab (Antibodies Against HER2 and VEGF),2003-06-01T00:00:00Z,2012-01-01T00:00:00Z,2007-04-01T00:00:00Z,FALSE,Non-Randomized,None (Open Label),OTHER,TRUE,"University of California, Los Angeles",NA,NA,NA,2004,2003,2012,2007
NCT00096759,2013-03-21,2004-11-15,NA,Interventional,Phase 2/Phase 3,100,Completed,Comparing Tai Chi Chih and Relaxation Therapy in the Treatment of Rheumatoid Arthritis,2004-11-01T00:00:00Z,2007-08-01T00:00:00Z,2007-08-01T00:00:00Z,FALSE,Randomized,Single,NIH,TRUE,"University of California, Los Angeles",NA,NA,NA,2004,2004,2007,2007
NCT00099710,2009-12-02,2004-12-17,NA,Interventional,Phase 2,33,Completed,Curcumin in Patients With Mild to Moderate Alzheimer's Disease,2003-07-01T00:00:00Z,2007-12-01T00:00:00Z,2007-12-01T00:00:00Z,FALSE,Randomized,Double,OTHER,FALSE,NA,NA,"University of California, Los Angeles",NA,2004,2003,2007,2007
NCT00107640,2012-08-11,2005-04-06,NA,Interventional,Phase 2,1186,Completed,Project SHARE (Senior Health and Alcohol Risk Education),2005-05-01T00:00:00Z,2009-09-01T00:00:00Z,2008-09-01T00:00:00Z,FALSE,Randomized,Single,OTHER,FALSE,"University of California, Los Angeles",NA,NA,NA,2005,2005,2009,2008
NCT00118898,2018-09-11,2005-07-07,2010-01-08,Interventional,Phase 3,1864,Completed,Efavirenz or Atazanavir/Ritonavir Given With Emtricitabine/Tenofovir Disoproxil Fumarate or Abacavir/Lamivudine in HIV Infected Treatment-Naive Adults,2005-09-01T00:00:00Z,2009-11-01T00:00:00Z,2009-11-01T00:00:00Z,TRUE,Randomized,None (Open Label),NETWORK,TRUE,NA,"Harbor-UCLA Medical Center, Los Angeles Biomedical Research Institute",NA,NA,2005,2005,2009,2009
NCT00135785,2017-01-11,2005-08-23,NA,Interventional,Phase 2,73,Completed,Effectiveness of Bupropion Combined With Behavioral Therapy for Treating Methamphetamine Dependence - 2,2005-10-01T00:00:00Z,2007-05-01T00:00:00Z,2007-05-01T00:00:00Z,FALSE,Randomized,Double,NIH,TRUE,"University of California, Los Angeles",NA,NA,NA,2005,2005,2007,2007
NCT00158197,2015-08-11,2005-09-08,2013-05-30,Interventional,Not Applicable,119,Completed,Long-term Behavior Change - 1,2004-12-01T00:00:00Z,2008-06-01T00:00:00Z,2008-06-01T00:00:00Z,TRUE,Randomized,None (Open Label),OTHER,TRUE,"University of California, Los Angeles",NA,NA,NA,2005,2004,2008,2008
NCT00158210,2017-01-11,2005-09-08,NA,Interventional,Phase 1,18,Completed,Rivastigmine For Methamphetamine Dependent Individuals,2006-05-01T00:00:00Z,2007-03-01T00:00:00Z,2007-03-01T00:00:00Z,FALSE,Randomized,Double,NIH,FALSE,"University of California, Los Angeles",NA,NA,NA,2005,2006,2007,2007
NCT00183014,2012-05-16,2005-09-13,NA,Interventional,Not Applicable,600,Completed,Caminemos! Trial to Increase Walking Among Sedentary Older Latinos,2005-09-01T00:00:00Z,2009-08-01T00:00:00Z,2009-08-01T00:00:00Z,FALSE,Randomized,Single,NIH,FALSE,UCLA Division of Geriatrics,NA,NA,NA,2005,2005,2009,2009
NCT00200902,2021-07-26,2005-09-14,2018-05-25,Interventional,Phase 4,88,Completed,Evaluation of Depression Symptoms and Brain Activity Associated With Response to Treatment of Depression,2005-08-01T00:00:00Z,2009-06-01T00:00:00Z,2009-06-01T00:00:00Z,TRUE,Randomized,Triple,OTHER,FALSE,"University of California, Los Angeles",NA,NA,NA,2005,2005,2009,2009
NCT00218374,2017-01-11,2005-09-16,NA,Interventional,Not Applicable,60,Completed,"Dextromethorphan, Gabapentin, and Oxycodone to Treat Opioid-Induced Hyperalgesia",2006-10-01T00:00:00Z,2007-06-01T00:00:00Z,2007-06-01T00:00:00Z,FALSE,Randomized,Triple,NIH,FALSE,"University of California, Los Angeles",NA,NA,NA,2005,2006,2007,2007
NCT00229593,2014-12-03,2005-09-27,NA,Interventional,Phase 1,140,Completed,"NES Gel-1, To Evaluate Nestorone Gel in Combination With Testosterone Gel",2005-09-01T00:00:00Z,2007-01-01T00:00:00Z,2007-01-01T00:00:00Z,FALSE,Randomized,None (Open Label),OTHER,TRUE,"University of California, Los Angeles",NA,NA,NA,2005,2005,2007,2007
NCT00233480,2020-03-06,2005-10-04,2019-04-01,Interventional,Phase 4,27,Completed,Statin Therapy in Heart Failure: Potential Mechanisms of Benefit,2005-08-01T00:00:00Z,2009-02-01T00:00:00Z,2009-02-01T00:00:00Z,TRUE,Randomized,Quadruple,OTHER,FALSE,UCLA Division of Cardiology,NA,NA,NA,2005,2005,2009,2009
NCT00243919,2014-07-09,2005-10-24,2011-03-29,Interventional,Phase 3,408,Completed,Locomotor Experience Applied Post Stroke Trial,2006-04-01T00:00:00Z,2012-06-01T00:00:00Z,2010-04-01T00:00:00Z,TRUE,Randomized,None (Open Label),OTHER,TRUE,NA,NA,"Investigator, Department of Neurology, University of California, Los Angeles, California",NA,2005,2006,2012,2010
NCT00249613,2014-03-07,2005-11-03,2013-04-10,Interventional,Not Applicable,291,Completed,Gender-Responsive Treatment for Women Offenders - 1,2005-06-01T00:00:00Z,2009-01-01T00:00:00Z,2009-01-01T00:00:00Z,TRUE,Non-Randomized,None (Open Label),OTHER,FALSE,"University of California, Los Angeles",NA,NA,NA,2005,2005,2009,2009
NCT00250341,2021-11-19,2005-11-04,NA,Interventional,Phase 4,34,Completed,Non-invasive Measures of Distal Lung Disease in Asthmatics,2005-09-30T00:00:00Z,2007-09-30T00:00:00Z,2007-09-30T00:00:00Z,FALSE,Randomized,None (Open Label),INDUSTRY,FALSE,"University of California, Los Angeles",NA,NA,NA,2005,2005,2007,2007
NCT00252434,2016-01-26,2005-11-10,NA,Interventional,Phase 1,NA,Terminated,Behavioral Therapy Development for Methamphetamine Abuse,2004-08-01T00:00:00Z,2007-11-01T00:00:00Z,2007-11-01T00:00:00Z,FALSE,Randomized,None (Open Label),OTHER,FALSE,UCLA Integrated Substance Abuse Programs,NA,NA,NA,2005,2004,2007,2007
NCT00260481,2016-01-20,2005-11-29,NA,Interventional,Phase 2/Phase 3,120,Completed,Prometa Pharmacotherapy for Methamphetamine Dependence,2006-01-01T00:00:00Z,2008-06-01T00:00:00Z,2008-06-01T00:00:00Z,FALSE,Randomized,Quadruple,OTHER,FALSE,UCLA Integrated Substance ABuse Programs,NA,NA,NA,2005,2006,2008,2008
NCT00267163,2008-08-28,2005-12-16,NA,Interventional,Phase 4,64,Completed,Brain Imaging and Mental Disorders of Aging Intervention,2000-09-01T00:00:00Z,2007-07-01T00:00:00Z,2007-07-01T00:00:00Z,FALSE,Randomized,Double,NIH,FALSE,"University of California, Los Angeles, Neuropsychiatric Institute",NA,NA,NA,2005,2000,2007,2007
NCT00280670,2012-03-28,2006-01-20,NA,Interventional,Phase 2,20,Completed,"CBT for Comorbid Anxiety Disorders in Children With Autism, Asperger Syndrome, or PDD-NOS",2005-01-01T00:00:00Z,2009-08-01T00:00:00Z,2008-08-01T00:00:00Z,FALSE,Randomized,None (Open Label),OTHER,FALSE,"University of California, Los Angeles",NA,NA,NA,2006,2005,2009,2008
NCT00281606,2020-06-25,2006-01-23,NA,Interventional,Phase 4,65,Completed,A Multicenter Study to Assess the Tolerability of Once Daily Lopinavir/Ritonavir (LPV/r) Liquid Versus Capsules,2006-02-14T00:00:00Z,2012-06-13T00:00:00Z,2007-10-16T00:00:00Z,FALSE,Randomized,None (Open Label),OTHER,TRUE,"University of California, Los Angeles",NA,NA,NA,2006,2006,2012,2007
NCT00302744,2022-04-14,2006-03-10,NA,Interventional,Phase 1/Phase 2,12,Completed,Effects of Psilocybin in Advanced-Stage Cancer Patients With Anxiety,2004-04-01T00:00:00Z,2008-12-01T00:00:00Z,2008-12-01T00:00:00Z,FALSE,Randomized,Quadruple,OTHER,FALSE,"University of California, Los Angeles",NA,NA,NA,2006,2004,2008,2008
NCT00315341,2016-11-09,2006-04-16,2013-05-17,Interventional,Phase 4,1269,Completed,Starting Treatment With Agonist Replacement Therapies (START),2006-04-01T00:00:00Z,2010-08-01T00:00:00Z,2010-08-01T00:00:00Z,TRUE,Randomized,None (Open Label),OTHER,TRUE,"University of California, Los Angeles",NA,NA,NA,2006,2006,2010,2010
NCT00316550,2008-02-15,2006-04-19,NA,Interventional,Phase 1,24,Terminated,Pilot Study to Assess the Effects of AV608 on Irritable Bowel Syndrome,2006-04-01T00:00:00Z,2007-09-01T00:00:00Z,2007-06-01T00:00:00Z,FALSE,Randomized,Double,INDUSTRY,FALSE,UCLA Center for Neurovisceral Sciences and Women's Health,NA,NA,NA,2006,2006,2007,2007
NCT00325897,2019-10-30,2006-05-12,2011-08-18,Interventional,Not Applicable,1142,Completed,Macrolide Azithromycin to Prevent Rapid Worsening of Symptoms Associated With Chronic Obstructive Pulmonary Disease,2006-03-01T00:00:00Z,2010-07-01T00:00:00Z,2010-06-01T00:00:00Z,TRUE,Randomized,Triple,OTHER,TRUE,Harbor-UCLA Research & Education Institute,NA,NA,NA,2006,2006,2010,2010
NCT00347269,2017-04-08,2006-06-30,2017-04-08,Interventional,Phase 4,1004,Completed,Primary Care Intervention Strategy for Anxiety Disorders,2006-06-01T00:00:00Z,2009-10-01T00:00:00Z,2009-10-01T00:00:00Z,TRUE,Randomized,Single,OTHER,TRUE,"University of California, Los Angeles",NA,NA,NA,2006,2006,2009,2009
NCT00350298,2021-01-21,2006-07-07,2020-12-10,Interventional,Phase 2,200,Completed,Study of the Clinical Effectiveness of a Human Monoclonal Antibody to C. Difficile Toxin A and Toxin B in Patients With Clostridium Difficile Associated Disease,2006-07-20T00:00:00Z,2008-06-25T00:00:00Z,2008-06-25T00:00:00Z,TRUE,Randomized,Quadruple,OTHER,TRUE,UCLA CURE Digestive Diseases Research Center,NA,NA,NA,2006,2006,2008,2008
NCT00354926,2016-01-05,2006-07-18,NA,Interventional,Phase 1,67,Completed,Safety and Efficacy Study of an Anti-CD20 Monoclonal Antibody (AME-133v) to Treat Non-Hodgkin's Lymphoma,2006-07-01T00:00:00Z,2009-01-01T00:00:00Z,2009-01-01T00:00:00Z,FALSE,NA,None (Open Label),INDUSTRY,TRUE,"University of California, Los Angeles",NA,NA,NA,2006,2006,2009,2009
NCT00368771,2016-11-23,2006-08-24,NA,Interventional,Not Applicable,163,Completed,A Six-month Study to Compare Outcome Differences and Visceral Response ... Irritable Bowel Syndrome,2002-07-01T00:00:00Z,2010-05-01T00:00:00Z,2009-05-01T00:00:00Z,FALSE,Randomized,None (Open Label),OTHER,TRUE,"University of California Los Angeles, West Los Angeles VA Healthcare System; University of California, Los Angeles",NA,NA,NA,2006,2002,2010,2009
NCT00370929,2016-07-20,2006-08-30,NA,Interventional,Not Applicable,8,Completed,A Study of Meditation as a Treatment for Epilepsy,2006-05-01T00:00:00Z,2008-01-01T00:00:00Z,2008-01-01T00:00:00Z,FALSE,NA,None (Open Label),OTHER,FALSE,"University of California, Los Angeles",NA,NA,NA,2006,2006,2008,2008
NCT00375843,2013-02-05,2006-09-12,NA,Interventional,Phase 4,118,Completed,Brain Activity Changes and Treatment Response in Depressed People Who Are Receiving Antidepressant Medication,2005-01-01T00:00:00Z,2008-03-01T00:00:00Z,2007-06-01T00:00:00Z,FALSE,Non-Randomized,None (Open Label),NIH,TRUE,UCLA Semel Institute,NA,NA,NA,2006,2005,2008,2007
NCT00379093,2009-07-10,2006-09-19,NA,Interventional,Phase 2,631,Completed,Healthy Living as You Age,2003-08-01T00:00:00Z,2008-07-01T00:00:00Z,2007-04-01T00:00:00Z,FALSE,Randomized,Single,NIH,FALSE,UCLA DOM-Geriatrics,NA,NA,NA,2006,2003,2008,2007
NCT00405353,2019-11-04,2006-11-28,2015-01-23,Interventional,Phase 1/Phase 2,10,Completed,Testosterone Treatment for Multiple Sclerosis,2002-04-01T00:00:00Z,2007-03-01T00:00:00Z,2007-03-01T00:00:00Z,TRUE,NA,None (Open Label),OTHER,FALSE,"University of California, Los Angeles",NA,NA,NA,2006,2002,2007,2007
NCT00408733,2008-01-24,2006-12-06,NA,Interventional,Not Applicable,287,Completed,Evaluating a Low-Literacy Discharge Medication Education Tool,2007-01-01T00:00:00Z,2007-08-01T00:00:00Z,2007-07-01T00:00:00Z,FALSE,Randomized,Single,OTHER,FALSE,"University of California, Los Angeles",NA,NA,NA,2006,2007,2007,2007
NCT00419081,2012-01-18,2007-01-05,NA,Interventional,Phase 2,100,Terminated,Study of Forodesine Hydrochloride in Patients With Relapsed/Refractory Precursor T-Lymphoblastic Leukemia/Lymphoma Who Have Failed Two or More Prior Treatment Regimens,2006-07-01T00:00:00Z,2007-03-01T00:00:00Z,2007-03-01T00:00:00Z,FALSE,Non-Randomized,None (Open Label),INDUSTRY,TRUE,"University of California, Los Angeles",NA,NA,NA,2007,2006,2007,2007
NCT00419770,2011-09-02,2007-01-05,2011-06-29,Interventional,Phase 2,20,Completed,The Deferasirox-AmBisome Therapy for Mucormycosis (DEFEAT Mucor) Study,2007-10-01T00:00:00Z,2010-12-01T00:00:00Z,2009-12-01T00:00:00Z,TRUE,Randomized,Quadruple,OTHER,TRUE,Lundquist Institute for Biomedical Innovation at Harbor-UCLA Medical Center,NA,NA,NA,2007,2007,2010,2009
NCT00428480,2011-11-10,2007-01-29,NA,Interventional,Phase 1,216,Completed,Walking Study for Stroke Rehabilitation,2007-05-01T00:00:00Z,2009-03-01T00:00:00Z,2009-03-01T00:00:00Z,FALSE,Randomized,Single,OTHER,TRUE,"University of California, Los Angeles",NA,NA,NA,2007,2007,2009,2009
NCT00429546,2013-06-24,2007-01-29,NA,Interventional,Phase 1,160,Completed,Assisting HIV-infected Mothers in Disclosing Their Serostatus to Their Children,2007-09-01T00:00:00Z,2010-01-01T00:00:00Z,2010-01-01T00:00:00Z,FALSE,Randomized,Single,OTHER,FALSE,"University of California, Los Angeles",NA,NA,NA,2007,2007,2010,2010
NCT00440089,2010-05-24,2007-02-23,NA,Interventional,Phase 2/Phase 3,76,Completed,Effects of Hands-on-Healing vs. Touch for Fatigued Breast Cancer Survivors,2005-10-01T00:00:00Z,2009-09-01T00:00:00Z,2009-09-01T00:00:00Z,FALSE,Randomized,Single,OTHER,TRUE,"University of California, Los Angeles",NA,NA,NA,2007,2005,2009,2009
NCT00454493,2019-03-11,2007-03-29,NA,Interventional,Not Applicable,71,Completed,"The Effect of Fish Oil Supplementation on Endothelial Function, Heart Rate Variability and Intimal Media Thickness of Patients With Coronary Artery Disease",2006-08-01T00:00:00Z,2008-12-01T00:00:00Z,2008-10-01T00:00:00Z,FALSE,Randomized,Double,OTHER,FALSE,"University of California, Los Angeles",NA,NA,NA,2007,2006,2008,2008
NCT00458198,2016-11-23,2007-04-05,NA,Interventional,Not Applicable,21,Completed,Integrated Behavioral Therapy for Treating Children With Selective Mutism,2006-01-01T00:00:00Z,2009-06-01T00:00:00Z,2008-06-01T00:00:00Z,FALSE,Randomized,Single,OTHER,FALSE,"Semel Institute for Neuroscience & Human Behavior, Univeristy of California Los Angeles (UCLA)",NA,NA,NA,2007,2006,2009,2008
NCT00465010,2011-10-14,2007-04-23,NA,Interventional,Not Applicable,1252,Completed,Effects of a Worksite Parenting Program,2002-04-01T00:00:00Z,2009-03-01T00:00:00Z,2009-03-01T00:00:00Z,FALSE,Randomized,None (Open Label),OTHER,FALSE,RAND and UCLA,NA,NA,NA,2007,2002,2009,2009
NCT00468273,2014-08-07,2007-05-01,NA,Interventional,Phase 3,57,Completed,A Clinical Study of Intravenous Immunoglobulin,2006-11-01T00:00:00Z,2009-08-01T00:00:00Z,2009-05-01T00:00:00Z,FALSE,NA,None (Open Label),INDUSTRY,TRUE,Mattel Children's Hospital of UCLA,NA,NA,NA,2007,2006,2009,2009
NCT00469508,2020-02-13,2007-05-03,2012-12-07,Interventional,Phase 2,71,Completed,Modafinil vs Placebo for the Treatment of Methamphetamine Dependence,2007-04-01T00:00:00Z,2009-01-01T00:00:00Z,2009-01-01T00:00:00Z,TRUE,Randomized,Double,OTHER,FALSE,"University of California, Los Angeles",NA,NA,NA,2007,2007,2009,2009
NCT00473044,2008-12-29,2007-05-10,NA,Interventional,Not Applicable,104,Completed,An Intervention to Increase Physical Activity Among African American Women,2006-04-01T00:00:00Z,2008-01-01T00:00:00Z,2008-01-01T00:00:00Z,FALSE,Randomized,Single,NIH,FALSE,"David Geffen School of Medicine, University of California, Los Angeles",NA,NA,NA,2007,2006,2008,2008
NCT00506714,2012-09-28,2007-07-20,2012-02-06,Interventional,Not Applicable,26,Completed,Walking Aids in the Management of Hip Osteoarthritis,2007-07-01T00:00:00Z,2009-09-01T00:00:00Z,2009-07-01T00:00:00Z,TRUE,Non-Randomized,None (Open Label),OTHER,FALSE,VA Greater Los Angeles Healthcare System Department of Medicine; UCLA Department of Medicine,NA,NA,NA,2007,2007,2009,2009
NCT00512902,2014-10-24,2007-08-06,2012-04-20,Interventional,Phase 1/Phase 2,20,Completed,A Study Using The Experimental Drug Called Imatinib (Gleevec) in Subjects With Systemic Sclerosis,2007-08-01T00:00:00Z,2008-12-01T00:00:00Z,2008-11-01T00:00:00Z,TRUE,NA,None (Open Label),OTHER,FALSE,"University of California, Los Angeles",NA,NA,NA,2007,2007,2008,2008
NCT00516399,2014-12-03,2007-08-14,NA,Interventional,Phase 3,78,Terminated,A Clinical Trial of the Treatment of Fungal Corneal Ulcers With Povidone-Iodine,2008-03-01T00:00:00Z,2010-12-01T00:00:00Z,2010-09-01T00:00:00Z,FALSE,Randomized,Triple,OTHER,TRUE,Lundquist Institute for Biomedical Innovation at Harbor-UCLA Medical Center,NA,NA,NA,2007,2008,2010,2010
NCT00516841,2012-08-21,2007-08-14,NA,Interventional,Phase 2,16,Terminated,"A Phase 2, Single-Arm Study of Volociximab Monotherapy in Subjects With Platinum-Resistant Advanced Epithelial Ovarian Cancer or Primary Peritoneal Cancer",2007-08-01T00:00:00Z,2008-04-01T00:00:00Z,2008-04-01T00:00:00Z,FALSE,NA,None (Open Label),INDUSTRY,TRUE,"UCLA JCCC Clinical Research Unit; University of California, Los Angeles",NA,NA,NA,2007,2007,2008,2008
NCT00517933,2015-06-22,2007-08-15,2010-11-05,Interventional,Phase 3,180,Completed,Sildenafil Trial of Exercise Performance in Idiopathic Pulmonary Fibrosis,2007-08-01T00:00:00Z,2009-10-01T00:00:00Z,2009-05-01T00:00:00Z,TRUE,Randomized,Triple,OTHER,TRUE,"University of California, Los Angeles",NA,NA,NA,2007,2007,2009,2009
NCT00522717,2015-11-30,2007-08-29,NA,Interventional,Not Applicable,808,Completed,Enhancing Recovery After Cardiac Surgery,2005-07-01T00:00:00Z,2010-05-01T00:00:00Z,2010-05-01T00:00:00Z,FALSE,Randomized,Single,OTHER,TRUE,"University of California, Los Angeles",NA,NA,NA,2007,2005,2010,2010
NCT00535444,2016-11-07,2007-09-25,NA,Interventional,Not Applicable,100,Completed,Health and Faith Working to Control Blood Pressure,2006-09-01T00:00:00Z,2007-10-01T00:00:00Z,2007-10-01T00:00:00Z,FALSE,Randomized,None (Open Label),OTHER,TRUE,UCLA RWJ CSP,NA,NA,NA,2007,2006,2007,2007
NCT00537680,2012-02-02,2007-09-07,2011-06-07,Interventional,Phase 3,70,Completed,"Study to Assess the Efficacy, Safety and Tolerability of Idebenone in the Treatment of Friedreich's Ataxia",2007-12-01T00:00:00Z,2009-04-01T00:00:00Z,2009-04-01T00:00:00Z,TRUE,Randomized,Quadruple,INDUSTRY,TRUE,"University of California, Los Angeles",NA,NA,NA,2007,2007,2009,2009
NCT00543270,2021-09-30,2007-10-10,NA,Interventional,Not Applicable,258,Completed,Powerlink Bifurcated Stent Graft Long-Term Follow-up Study,2005-10-01T00:00:00Z,2009-11-01T00:00:00Z,2009-11-01T00:00:00Z,FALSE,Non-Randomized,None (Open Label),INDUSTRY,TRUE,"University of California, Los Angeles",NA,NA,NA,2007,2005,2009,2009
NCT00561093,2015-05-20,2007-11-19,NA,Interventional,Phase 3,93,Completed,Anit-Inflammatory and Anti-Oxidative Nutrition in Dialysis Patients,2008-02-01T00:00:00Z,2011-05-01T00:00:00Z,2010-10-01T00:00:00Z,FALSE,Randomized,Quadruple,OTHER,TRUE,LABioMed at Harbor-UCLA,NA,LABioMed at Harbor-UCLA,NA,2007,2008,2011,2010
NCT00569595,2011-06-06,2007-12-05,NA,Interventional,Phase 3,100,Completed,Improving Health Habits in Impoverished Populations,2008-11-01T00:00:00Z,2009-11-01T00:00:00Z,2009-11-01T00:00:00Z,FALSE,Randomized,Single,NIH,TRUE,UCLA Department of Family Medicine,NA,NA,NA,2007,2008,2009,2009
NCT00569634,2021-03-10,2007-12-06,NA,Interventional,Not Applicable,40,Completed,Agreement Between Venous and Arterial Blood Gas Measurements in the Intensive Care Unit,2008-01-01T00:00:00Z,2008-07-01T00:00:00Z,2008-07-01T00:00:00Z,FALSE,NA,None (Open Label),OTHER,TRUE,Olive View-UCLA Education & Research Institute,NA,NA,NA,2007,2008,2008,2008
NCT00569829,2012-03-28,2007-12-05,NA,Interventional,Phase 2,60,Completed,Modular Cognitive Behavioral Therapy for the Treatment of Child Anxiety Disorders in Elementary School Settings,2004-01-01T00:00:00Z,2009-06-01T00:00:00Z,2008-06-01T00:00:00Z,FALSE,Randomized,Single,OTHER,TRUE,"University of California, Los Angeles",NA,NA,NA,2007,2004,2009,2008
NCT00583791,2019-06-07,2007-12-20,2013-12-20,Interventional,Not Applicable,91,Completed,Closure of Muscular Ventricular Septal Defects With The AMPLATZERâ„¢ Muscular VSD Occluder,2000-07-01T00:00:00Z,2009-11-01T00:00:00Z,2008-10-01T00:00:00Z,TRUE,NA,None (Open Label),INDUSTRY,TRUE,"University of California, Los Angeles",NA,NA,NA,2007,2000,2009,2008
NCT00586131,2017-08-31,2007-12-21,NA,Interventional,Phase 4,8,Completed,Arterial pH and Total Body Nitrogen Balances in APD,2003-09-01T00:00:00Z,2008-04-01T00:00:00Z,2008-04-01T00:00:00Z,FALSE,Randomized,None (Open Label),OTHER,FALSE,Lundquist Institute for Biomedical Innovation at Harbor-UCLA Medical Center,NA,NA,NA,2007,2003,2008,2008
NCT00586209,2021-02-01,2007-12-21,2020-09-21,Interventional,Phase 2,15,Terminated,L-Glutamine Therapy for Sickle Cell Anemia,2004-02-06T00:00:00Z,2009-11-01T00:00:00Z,2008-08-27T00:00:00Z,TRUE,Randomized,Triple,OTHER,FALSE,LaBiomed At Harbor-UCLA Medical Center,NA,NA,NA,2007,2004,2009,2008
NCT00600561,2008-01-14,2008-01-14,NA,Interventional,Phase 2,50,Completed,Mindfulness Meditation Training in HIV,2005-06-01T00:00:00Z,2008-01-01T00:00:00Z,2007-12-01T00:00:00Z,FALSE,Randomized,Single,OTHER,FALSE,UCLA Department of Psychology,NA,"Cousins Center for Psychoneuroimmunology, UCLA",NA,2008,2005,2008,2007
NCT00606749,2008-06-18,2008-01-22,NA,Interventional,Phase 2,20,Completed,Use of KC706 for the Treatment of Pemphigus Vulgaris,2007-11-01T00:00:00Z,2008-06-01T00:00:00Z,2008-06-01T00:00:00Z,FALSE,NA,None (Open Label),INDUSTRY,FALSE,"University of California, Los Angeles",NA,NA,NA,2008,2007,2008,2008
NCT00607126,2016-07-01,2008-01-22,2015-12-30,Interventional,Phase 1/Phase 2,38,Completed,Locomotor Training in Persons With Multiple Sclerosis,2006-07-01T00:00:00Z,2009-08-01T00:00:00Z,2009-08-01T00:00:00Z,TRUE,Randomized,Single,OTHER,FALSE,"University of California, Los Angeles",NA,NA,NA,2008,2006,2009,2009
NCT00631020,2015-04-18,2008-02-27,2014-12-02,Interventional,Not Applicable,34,Completed,"Youth Smoking Cessation: Therapy +/- ""The Patch""",2007-12-01T00:00:00Z,2009-10-01T00:00:00Z,2009-10-01T00:00:00Z,TRUE,NA,None (Open Label),OTHER,FALSE,"University of California, Los Angeles",NA,NA,NA,2008,2007,2009,2009
NCT00634283,2020-02-26,2008-03-06,2013-02-04,Interventional,Phase 4,6,Completed,Study of the Effects of an Antidepressant Medication and Placebo on the Brain Functioning of Normal Subjects,2008-02-01T00:00:00Z,2009-02-01T00:00:00Z,2009-02-01T00:00:00Z,TRUE,Randomized,Triple,OTHER,FALSE,"University of California, Los Angeles",NA,NA,NA,2008,2008,2009,2009
NCT00640484,2010-08-24,2008-03-18,NA,Interventional,Phase 2,57,Completed,Confirmatory Dose Finding Study of 2 Dosages of CHF 4226 pMDI (Carmoterol) in Patients With COPD,2008-04-01T00:00:00Z,2008-10-01T00:00:00Z,2008-10-01T00:00:00Z,FALSE,Randomized,Triple,INDUSTRY,TRUE,"University of California, Los Angeles",NA,NA,NA,2008,2008,2008,2008
NCT00644163,2014-01-23,2008-03-24,NA,Interventional,Not Applicable,1070,Completed,Effectiveness of a Risk Reduction Program in Preventing the Transmission of HIV and Sexually Transmitted Diseases in African-American Couples,2003-11-01T00:00:00Z,2007-06-01T00:00:00Z,2007-06-01T00:00:00Z,FALSE,Randomized,NA,OTHER,TRUE,University of California Los Angeles (UCLA),NA,NA,NA,2008,2003,2007,2007
NCT00646633,2016-07-05,2008-03-25,NA,Interventional,Not Applicable,12,Completed,Improving Fatigue: A Pilot Study of Acupuncture and Patient Education for Breast Cancer Survivors,2008-03-01T00:00:00Z,2009-10-01T00:00:00Z,2009-01-01T00:00:00Z,FALSE,Randomized,Single,OTHER,FALSE,"UCLA Center for East-West Medicine, 1033 Gayley Ave, Suite 111, Los Angeles, CA 90024",NA,NA,NA,2008,2008,2009,2009
NCT00647868,2018-03-29,2008-03-27,NA,Interventional,Phase 1,32,Completed,"NASOBOL in Hypogonadal Men in Comparison to Testosterone Levels in Normal Healthy Male Volunteers",2008-05-01T00:00:00Z,2009-03-01T00:00:00Z,2009-03-01T00:00:00Z,FALSE,Randomized,None (Open Label),INDUSTRY,FALSE,General Clinical Research Center - Harbor UCLA Medical center,NA,NA,NA,2008,2008,2009,2009
NCT00651495,2016-11-23,2008-03-28,NA,Interventional,Not Applicable,116,Completed,Activating Seniors to Improve Chronic Disease Care,2008-04-01T00:00:00Z,2008-11-01T00:00:00Z,2008-11-01T00:00:00Z,FALSE,Randomized,Single,OTHER,TRUE,"University of California, Los Angeles",NA,NA,NA,2008,2008,2008,2008
NCT00662584,2016-08-17,2008-04-14,NA,Interventional,Phase 3,10,Completed,Repetitive Magnetic Transcranial Stimulation (rTMS) in the Treatment of Generalized Anxiety Disorder (GAD),2006-08-01T00:00:00Z,2007-04-01T00:00:00Z,2007-03-01T00:00:00Z,FALSE,NA,None (Open Label),OTHER,FALSE,"University of California, Los Angeles",NA,NA,NA,2008,2006,2007,2007
NCT00668590,2011-04-08,2008-04-25,NA,Interventional,Not Applicable,201,Completed,Improving Diabetes Care With Patient Decision Aids - A Trial in Community-based Primary Care,2008-08-01T00:00:00Z,2010-08-01T00:00:00Z,2010-08-01T00:00:00Z,FALSE,Randomized,Single,OTHER,TRUE,"University of California, Los Angeles",NA,NA,NA,2008,2008,2010,2010
NCT00674219,2019-04-12,2008-05-05,2017-02-07,Interventional,Phase 3,17,Completed,Memantine Treatment for Obsessive-compulsive Disorder and Generalized Anxiety Disorder,2005-05-01T00:00:00Z,2008-01-01T00:00:00Z,2008-01-01T00:00:00Z,TRUE,Non-Randomized,None (Open Label),OTHER,FALSE,"University of California, Los Angeles",NA,NA,NA,2008,2005,2008,2008
NCT00679458,2010-01-06,2008-05-14,NA,Interventional,Not Applicable,12,Completed,"Randomized, Double-Blind Cross-Over Trial Of Buprenorphine and Low-Dose Naloxone Versus Buprenorphine",2008-09-01T00:00:00Z,2009-11-01T00:00:00Z,2009-11-01T00:00:00Z,FALSE,Randomized,Quadruple,OTHER,FALSE,UCLA Integrated Substance Abuse Programs,NA,NA,NA,2008,2008,2009,2009
NCT00695110,2021-06-23,2008-06-09,2021-04-06,Interventional,Phase 2,29,Completed,Pharmacokinetic Study of Oral Testosterone (T) Ester Formulations in Hypogonadal Men,2008-06-01T00:00:00Z,2009-08-01T00:00:00Z,2008-12-01T00:00:00Z,TRUE,NA,None (Open Label),INDUSTRY,TRUE,Lundquist Institute for Biomedical Innovation at Harbor-UCLA Medical Center,NA,NA,NA,2008,2008,2009,2008
NCT00697073,2021-09-22,2008-06-11,2011-06-07,Interventional,Phase 3,68,Completed,Study to Assess the Safety and Tolerability of Idebenone in the Treatment of Friedreich's Ataxia Patients,2008-07-01T00:00:00Z,2010-05-01T00:00:00Z,2010-05-01T00:00:00Z,TRUE,NA,None (Open Label),INDUSTRY,TRUE,"University of California, Los Angeles",NA,NA,NA,2008,2008,2010,2010
NCT00701636,2016-07-19,2008-06-17,2012-03-28,Interventional,Phase 3,30,Completed,Pharmacokinetics of Daptomycin During Cardiopulmonary Bypass Surgery,2008-07-01T00:00:00Z,2010-10-01T00:00:00Z,2010-10-01T00:00:00Z,TRUE,Non-Randomized,None (Open Label),OTHER,FALSE,Lundquist Institute for Biomedical Innovation at Harbor-UCLA Medical Center,NA,NA,NA,2008,2008,2010,2010
NCT00707499,2020-11-06,2008-06-27,NA,Interventional,Phase 1,13,Completed,A Phase I Study in Healthy Volunteers to Assess Safety of BMS747158,2007-09-01T00:00:00Z,2008-06-01T00:00:00Z,2008-05-01T00:00:00Z,FALSE,NA,None (Open Label),INDUSTRY,FALSE,"University of California, Los Angeles",NA,NA,NA,2008,2007,2008,2008
NCT00707538,2020-11-06,2008-06-27,NA,Interventional,Phase 1,12,Completed,A Phase I Study in Healthy Volunteers to Assess Dosimetry and Safety Following Injection of BMS747158 at Stress,2008-06-01T00:00:00Z,2008-10-01T00:00:00Z,2008-10-01T00:00:00Z,FALSE,NA,None (Open Label),INDUSTRY,TRUE,"University of California, Los Angeles",NA,NA,NA,2008,2008,2008,2008
NCT00713479,2018-02-13,2008-07-10,2013-03-26,Interventional,Phase 1,8,Completed,An Assessment of the Safety of Varenicline in Methamphetamine-dependent Volunteers,2008-07-01T00:00:00Z,2009-09-01T00:00:00Z,2009-08-01T00:00:00Z,TRUE,Randomized,Quadruple,OTHER,FALSE,UCLA NPI,NA,NA,NA,2008,2008,2009,2009
NCT00719030,2016-07-28,2008-07-15,NA,Interventional,Not Applicable,25,Completed,A Study Of the Effectiveness Of Pomegranate Pills in Men With Prostate Cancer Before Prostatectomy,2009-02-01T00:00:00Z,2012-05-01T00:00:00Z,2010-04-01T00:00:00Z,FALSE,Randomized,None (Open Label),OTHER,TRUE,"University of California, Los Angeles",NA,NA,NA,2008,2009,2012,2010
NCT00727662,2015-04-13,2008-07-31,NA,Interventional,Not Applicable,72,Completed,A Yoga and Wellness Program for Breast Cancer Survivors With Persistent Fatigue,2008-06-01T00:00:00Z,2010-12-01T00:00:00Z,2010-10-01T00:00:00Z,FALSE,Randomized,Single,NIH,FALSE,"University of California, Los Angeles",NA,NA,NA,2008,2008,2010,2010
NCT00733278,2014-07-16,2008-08-11,2013-10-08,Interventional,Phase 4,7,Completed,Intrauterine Contraceptive Device (IUD) Placement at Time of C-Section,2007-11-01T00:00:00Z,2008-09-01T00:00:00Z,2008-09-01T00:00:00Z,TRUE,NA,None (Open Label),OTHER,FALSE,Lundquist Institute for Biomedical Innovation at Harbor-UCLA Medical Center,NA,NA,NA,2008,2007,2008,2008
NCT00737815,2012-06-18,2008-08-18,NA,Interventional,Not Applicable,14,Completed,Randomized Crossover Study of Magnesium Supplementation,2007-06-01T00:00:00Z,2009-03-01T00:00:00Z,2009-03-01T00:00:00Z,FALSE,Randomized,Double,OTHER,FALSE,UCLA Program on Genomics and Nutrition,NA,NA,NA,2008,2007,2009,2009
NCT00742729,2016-07-28,2008-08-27,NA,Interventional,Not Applicable,906,Completed,Increasing Colorectal Cancer Screening Among Filipino Americans,2004-09-01T00:00:00Z,2009-06-01T00:00:00Z,2009-06-01T00:00:00Z,FALSE,Randomized,Single,OTHER,FALSE,"University of California, Los Angeles",NA,NA,NA,2008,2004,2009,2009
NCT00742755,2016-08-17,2008-08-27,NA,Interventional,Not Applicable,160,Completed,Increasing Adherence to Follow-up of Breast Abnormalities in Low-Income Korean American Women,2003-09-01T00:00:00Z,2009-09-01T00:00:00Z,2009-09-01T00:00:00Z,FALSE,NA,None (Open Label),OTHER,FALSE,"Division of Cancer Prevention and Control Research, University of California Los Angeles",NA,NA,NA,2008,2003,2009,2009
NCT00744068,2016-11-23,2008-08-28,NA,Interventional,Not Applicable,302,Completed,Four Models of Telephone Support for Stimulant Recovery,2006-04-01T00:00:00Z,2011-09-01T00:00:00Z,2010-09-01T00:00:00Z,FALSE,Randomized,Single,OTHER,TRUE,UCLA Integrated Substance Abuse Programs,NA,NA,NA,2008,2006,2011,2010
NCT00760097,2013-02-04,2008-09-24,NA,Interventional,Phase 4,18,Completed,Adjunctive Transcranial Direct Current Stimulation for Cognition in Major Depression,2007-09-01T00:00:00Z,2009-05-01T00:00:00Z,2009-05-01T00:00:00Z,FALSE,Randomized,Single,OTHER,FALSE,"University of California, Los Angeles",NA,NA,NA,2008,2007,2009,2009
NCT00777335,2015-10-27,2008-10-21,2012-01-06,Interventional,Phase 2,4,Terminated,Study of Panobinostat Monotherapy in Women With v-ERB-B2 Avian Erythroblastic Leukemia Viral Oncogene Homolog 2 (HER2) Positive Locally Recurrent or Metastatic Breast Cancer,2009-02-01T00:00:00Z,2010-03-01T00:00:00Z,2010-03-01T00:00:00Z,TRUE,Randomized,None (Open Label),OTHER,FALSE,NA,"University of California, Los Angeles",NA,NA,2008,2009,2010,2010
NCT00788073,2013-03-22,2008-11-07,2013-02-07,Interventional,Phase 2,63,Completed,"Safety, Tolerability and Efficacy Study of STX209 in Subjects With Fragile X Syndrome",2008-11-01T00:00:00Z,2010-05-01T00:00:00Z,2010-03-01T00:00:00Z,TRUE,Randomized,Quadruple,INDUSTRY,TRUE,"University of California, Los Angeles",NA,NA,NA,2008,2008,2010,2010
NCT00790595,2012-07-27,2008-11-12,NA,Interventional,Phase 1,6,Completed,Clinical Study of SU011248 in Subjects With High Risk Prostate Cancer Who Have Elected to Undergo Radical Prostatectomy,2006-06-01T00:00:00Z,NA,2009-07-01T00:00:00Z,FALSE,Non-Randomized,None (Open Label),OTHER,FALSE,"University of California, Los Angeles",NA,NA,NA,2008,2006,NA,2009
NCT00846547,2013-05-10,2009-02-17,2013-02-14,Interventional,Phase 2,32,Completed,Open-Label Study of the Safety and Tolerability of STX209 in Subjects With Autism Spectrum Disorders,2009-02-01T00:00:00Z,2010-09-01T00:00:00Z,2010-06-01T00:00:00Z,TRUE,NA,None (Open Label),INDUSTRY,TRUE,"University of California, Los Angeles",NA,NA,NA,2009,2009,2010,2010
NCT00856323,2016-08-12,2009-03-03,2012-08-27,Interventional,Phase 2,53,Completed,Contingency Management for Methamphetamine Abstinence and HIV Post-Exposure Prophylaxis in Men Who Have Sex With Men,2009-01-01T00:00:00Z,2010-12-01T00:00:00Z,2010-12-01T00:00:00Z,TRUE,NA,None (Open Label),OTHER,FALSE,UCLA Center for Clinical AIDS Research and Education; UCLA Department of Family Medicine,NA,NA,NA,2009,2009,2010,2010
NCT00860847,2015-02-28,2009-03-11,2013-01-27,Interventional,Phase 3,65,Completed,Firefighter Aged Garlic Extract Investigation With CoQ10 as a Treatment for Heart Disease (FAITH),2009-05-01T00:00:00Z,2010-09-01T00:00:00Z,2010-08-01T00:00:00Z,TRUE,Randomized,Quadruple,OTHER,FALSE,"University of California, Los Angeles",NA,NA,NA,2009,2009,2010,2010
NCT00891228,2018-04-26,2009-04-30,2016-04-08,Interventional,Phase 1,99,Completed,"Study of the Safety, and Sperm and Gonadotropin Suppression of a Contraceptive Gel in Normal Men",2009-05-01T00:00:00Z,2011-11-01T00:00:00Z,2010-05-01T00:00:00Z,TRUE,Randomized,Triple,OTHER,TRUE,"LA BioMedical Research Institute, Harbor-UCLA",NA,NA,NA,2009,2009,2011,2010
NCT00924612,2020-11-06,2009-06-17,2020-10-01,Interventional,Phase 2,16,Completed,Study to Determine the Effect of Food on the Absorption of an Oral Testosterone Undecanoate Formulation,2009-07-01T00:00:00Z,2010-07-01T00:00:00Z,2009-09-01T00:00:00Z,TRUE,Randomized,None (Open Label),INDUSTRY,TRUE,LABiomedical Research Institute at Harbor-UCLA Medical Center,NA,NA,NA,2009,2009,2010,2009
NCT00949234,2017-12-15,2009-07-29,2017-10-02,Interventional,Phase 2,267,Completed,Interventions for HIV Negative Men and Women Who Have High-risk Suspected Exposure to HIV,2010-03-01T00:00:00Z,2011-08-01T00:00:00Z,2010-06-01T00:00:00Z,TRUE,NA,None (Open Label),OTHER,TRUE,"University of California, Los Angeles",NA,NA,NA,2009,2010,2011,2010
NCT00958763,2009-08-12,2009-08-12,NA,Interventional,Phase 2,219,Completed,Alcohol Use Reduction in Methadone Individuals With Hepatitis C Virus(HCV),2006-03-01T00:00:00Z,2008-12-01T00:00:00Z,2008-12-01T00:00:00Z,FALSE,Randomized,None (Open Label),OTHER,TRUE,"University of California, Los Angeles",NA,NA,NA,2009,2006,2008,2008
NCT00992108,2016-11-02,2009-10-08,2016-08-29,Interventional,Phase 4,17,Terminated,Efficacy of Botulinum Toxin Versus Lidocaine in Treating Masticatory Myofascial Face Pain Using Ultrasound and EMG Guided Techniques,2009-10-01T00:00:00Z,2010-10-01T00:00:00Z,2010-10-01T00:00:00Z,TRUE,Randomized,Quadruple,OTHER,FALSE,"University of California, Los Angeles",NA,NA,NA,2009,2009,2010,2010
NCT01011829,2013-02-11,2009-11-09,2012-11-21,Interventional,Phase 2,20,Completed,Varenicline vs Placebo for the Treatment of Methamphetamine Dependence,2009-11-01T00:00:00Z,2010-05-01T00:00:00Z,2010-05-01T00:00:00Z,TRUE,Randomized,Quadruple,OTHER,FALSE,UCLA Dept of Family Medicine,NA,NA,NA,2009,2009,2010,2010
NCT01019707,2017-05-01,2009-11-24,2013-04-02,Interventional,Phase 1,6,Terminated,Safety Assessment of Atomoxetine With MA IV Administration,2009-10-01T00:00:00Z,2010-12-01T00:00:00Z,2010-12-01T00:00:00Z,TRUE,Randomized,Quadruple,OTHER,FALSE,"University of California, Los Angeles",NA,NA,NA,2009,2009,2010,2010
NCT01027052,2018-10-24,2009-08-13,NA,Interventional,Not Applicable,11,Completed,Spices Inhibit the Formation and Absorption of Malondialdehyde From Hamburger Meat,2008-06-01T00:00:00Z,2009-05-01T00:00:00Z,2008-10-01T00:00:00Z,FALSE,Randomized,None (Open Label),OTHER,TRUE,"David Geffen School of Medicine, UCLA Center for Human Nutrtiion",NA,NA,NA,2009,2008,2009,2008
NCT01031927,2009-12-24,2009-12-13,NA,Interventional,Phase 2,30,Completed,N-methyl Glycine (Sarcosine) for the Treatment of Obsessive Compulsive Disorder (OCD),2007-06-01T00:00:00Z,NA,2009-02-01T00:00:00Z,FALSE,Non-Randomized,None (Open Label),OTHER,FALSE,NA,"Department of Psychiatry, Harbor-UCLA Medical Center, California, U.S.A",NA,NA,2009,2007,NA,2009
NCT01037946,2012-02-22,2009-12-22,NA,Interventional,Not Applicable,1033,Completed,Family to Family: Psychoeducation to Improve Children's Outcomes in HIV+ Families,2005-09-01T00:00:00Z,2010-05-01T00:00:00Z,2009-12-01T00:00:00Z,FALSE,Randomized,None (Open Label),OTHER,FALSE,"University of California, Los Angeles",NA,"University of California, Los Angeles",NA,2009,2005,2010,2009
NCT01051960,2020-10-28,2010-01-19,2020-03-11,Interventional,Phase 4,12,Completed,Exercise Induced Pulmonary Hypertension in Systemic Sclerosis and Treatment With Ambrisentan,2009-03-01T00:00:00Z,2011-01-01T00:00:00Z,2010-06-01T00:00:00Z,TRUE,NA,None (Open Label),OTHER,FALSE,"University of California, Los Angeles",NA,NA,NA,2010,2009,2011,2010
NCT01052415,2016-11-23,2010-01-19,NA,Interventional,Not Applicable,5400,Completed,POL and Access Intervention to Reduce HIV Stigma Among Service Providers in China,2007-09-01T00:00:00Z,2011-08-01T00:00:00Z,2010-12-01T00:00:00Z,FALSE,Randomized,Single,OTHER,FALSE,"UCLA Semel Institute, Center for Community Health",NA,NA,NA,2010,2007,2011,2010
NCT01067508,2019-05-15,2010-02-08,2016-10-06,Interventional,Not Applicable,19,Completed,Effects of Naturally Silicon-Rich Water on Bone Metabolism in Women,2007-06-01T00:00:00Z,2011-02-01T00:00:00Z,2010-12-01T00:00:00Z,TRUE,Randomized,None (Open Label),OTHER,FALSE,"University of California, Los Angeles",NA,NA,NA,2010,2007,2011,2010
NCT01125267,2010-05-17,2010-05-17,NA,Interventional,Not Applicable,174,Completed,Promoting Adherence to Treatment in Schizophrenia,2003-04-01T00:00:00Z,2008-10-01T00:00:00Z,2007-09-01T00:00:00Z,FALSE,Randomized,None (Open Label),OTHER,FALSE,Geffen School of Medicine at UCLA,NA,NA,NA,2010,2003,2008,2007
NCT01142687,2016-11-23,2010-06-10,NA,Interventional,Not Applicable,58,Completed,Effects of Dihydrocapsiate on Adaptive and Diet-Induced Thermogenesis With a High Protein Very Low Calorie Diet,2008-11-01T00:00:00Z,2009-08-01T00:00:00Z,2009-06-01T00:00:00Z,FALSE,Randomized,Quadruple,OTHER,TRUE,"University of California, Los Angeles",NA,NA,NA,2010,2008,2009,2009
NCT01148420,2014-02-12,2010-06-21,2012-07-19,Interventional,Phase 4,48,Completed,DMPA & High Dose Oral Progestin (MPA) Tablets in Outpatient Treatment of Acute Excessive Vaginal Bleeding,2009-01-01T00:00:00Z,2012-07-01T00:00:00Z,2010-10-01T00:00:00Z,TRUE,NA,None (Open Label),OTHER,FALSE,"University of California, Los Angeles",NA,NA,NA,2010,2009,2012,2010
NCT01204021,2016-11-16,2010-01-25,NA,Interventional,Not Applicable,26,Completed,Managing Stress and Social Ties for Health Aging,2008-05-01T00:00:00Z,2010-08-01T00:00:00Z,2010-08-01T00:00:00Z,FALSE,Randomized,None (Open Label),OTHER,TRUE,"University of California, Los Angeles",NA,NA,NA,2010,2008,2010,2010
NCT01210079,2012-03-11,2010-09-27,2011-12-05,Interventional,Phase 2,26,Completed,Hyperalgesia in Methadone-Maintained Patients: Can it be Treated?,2002-09-01T00:00:00Z,2010-05-01T00:00:00Z,2008-03-01T00:00:00Z,TRUE,Randomized,Triple,OTHER,FALSE,"University of California, Los Angeles",NA,NA,NA,2010,2002,2010,2008
NCT01505140,2016-11-23,2011-12-31,NA,Interventional,Phase 2,120,Completed,Benefits of Walnuts for Male Reproductive Health,2009-11-01T00:00:00Z,2010-12-01T00:00:00Z,2010-12-01T00:00:00Z,FALSE,Randomized,Single,OTHER,FALSE,"University of California, Los Angeles",NA,NA,NA,2011,2009,2010,2010
NCT01525264,2016-08-17,2011-12-26,NA,Interventional,Not Applicable,434,Completed,Breast Cancer Screening Intervention,2008-08-01T00:00:00Z,2010-10-01T00:00:00Z,2010-09-01T00:00:00Z,FALSE,Randomized,None (Open Label),OTHER,TRUE,UCLA School of Nursing,NA,NA,NA,2011,2008,2010,2010
NCT01532596,2012-02-09,2012-02-08,NA,Interventional,Early Phase 1,40,Completed,Mindfulness Meditation in Older Adults,2008-01-01T00:00:00Z,2009-01-01T00:00:00Z,2009-01-01T00:00:00Z,FALSE,Randomized,None (Open Label),OTHER,FALSE,"University of California, Los Angeles",NA,NA,NA,2012,2008,2009,2009
NCT01532609,2012-02-09,2012-02-08,NA,Interventional,Not Applicable,220,Completed,Methadone Maintenance and HIV Prevention: A Window of Opportunity in China,2009-03-01T00:00:00Z,2011-03-01T00:00:00Z,2010-12-01T00:00:00Z,FALSE,Randomized,None (Open Label),OTHER,FALSE,"NPI-Center for Community Health, UCLA",NA,NA,NA,2012,2009,2011,2010
NCT01537679,2016-11-23,2012-02-10,NA,Interventional,Not Applicable,40,Completed,Meditation to Reduce Caregiver Stress,2010-03-01T00:00:00Z,2012-01-01T00:00:00Z,2010-08-01T00:00:00Z,FALSE,Randomized,None (Open Label),OTHER,FALSE,"University of California, Los Angeles",NA,NA,NA,2012,2010,2012,2010
NCT01641146,2016-11-25,2012-07-05,NA,Interventional,Phase 2,118,Completed,An HIV Intervention for Black Men at Risk - The Enhanced Sexual Health Intervention for Men (ES-HIM),2008-12-01T00:00:00Z,2011-05-01T00:00:00Z,2010-09-01T00:00:00Z,FALSE,Randomized,None (Open Label),OTHER,TRUE,"University of California, Los Angeles (UCLA)",NA,NA,NA,2012,2008,2011,2010
NCT02194114,2014-07-16,2014-07-16,NA,Interventional,Not Applicable,13,Completed,Dietary Protein Requirements in Hemodialysis Patients,2004-01-01T00:00:00Z,2008-01-01T00:00:00Z,2008-01-01T00:00:00Z,FALSE,NA,None (Open Label),OTHER,FALSE,Lundquist Institute for Biomedical Innovation at Harbor-UCLA Medical Center,NA,NA,NA,2014,2004,2008,2008
NCT02697188,2018-10-03,2014-01-29,2018-07-16,Interventional,Phase 2,12,Completed,Pilot Pharmacokinetic Study of Oral Testosterone Ester Formulations in Hypogonadal Men,2007-11-01T00:00:00Z,2008-04-01T00:00:00Z,2008-04-01T00:00:00Z,TRUE,Non-Randomized,None (Open Label),INDUSTRY,TRUE,Lundquist Institute for Biomedical Innovation at Harbor-UCLA Medical Center,NA,NA,NA,2014,2007,2008,2008
