nct_id,last_update_submitted_date,registration_date,summary_results_date,study_type,phase,enrollment,recruitment_status,title,start_date,completion_date,primary_completion_date,has_summary_results,allocation,masking,main_sponsor,is_multicentric,uci_lead_sponsor,uci_principal_investigator,uci_study_director,uci_study_chair,uci_unspecified_official,uci_responsible_party,registration_year,start_year,completion_year
NCT00000562,2013-11-25,1999-10-27,NA,Interventional,Phase 3,NA,Completed,Extracorporeal Support for Respiratory Insufficiency (ECMO),1974-06-01T00:00:00Z,1979-11-01T00:00:00Z,NA,FALSE,Randomized,NA,NIH,TRUE,NA,NA,NA,NA,"University of California, Irvine",NA,1999,1974,1979
NCT00004062,2013-12-18,1999-12-10,NA,Interventional,Phase 1,NA,Completed,Azacitidine to Restore Thyroid Function in Patients With Persistent or Metastatic Thyroid Cancer,1999-07-01T00:00:00Z,2006-08-01T00:00:00Z,NA,FALSE,NA,NA,OTHER,FALSE,Lucille P. Markey Cancer Center at University of Kentucky,NA,NA,Lucille P. Markey Cancer Center at University of Kentucky,NA,NA,1999,1999,2006
NCT00005097,2018-04-03,2000-04-06,NA,Interventional,Phase 2,88,Terminated,Green Tea Extract in Treating Patients With Actinic Keratosis,1999-08-01T00:00:00Z,2002-08-01T00:00:00Z,2002-08-01T00:00:00Z,FALSE,Randomized,Double,OTHER,FALSE,NA,NA,NA,NA,NA,"University of California, Irvine",2000,1999,2002
NCT00006101,2018-04-11,2000-08-03,2018-02-07,Interventional,Phase 2,76,Completed,Eflornithine in Treating Patients At High Risk of Developing Prostate Cancer,1998-10-01T00:00:00Z,2012-12-01T00:00:00Z,2012-12-01T00:00:00Z,TRUE,Randomized,Double,OTHER,FALSE,NA,NA,NA,NA,NA,"University of California, Irvine",2000,1998,2012
NCT00006280,2010-03-01,2000-09-11,NA,Interventional,Phase 2,98,Completed,A Study of the Safety and Efficacy of Tobramycin for Inhalation in Young Children With Cystic Fibrosis,2000-02-01T00:00:00Z,2002-02-01T00:00:00Z,NA,FALSE,Randomized,Double,NIH,TRUE,NA,Stanford University/Lucille Packard Children's Health Services at Stanford,NA,NA,NA,NA,2000,2000,2002
NCT00006916,2020-10-21,2000-12-06,2013-06-12,Interventional,Phase 2,19,Terminated,Radiation Therapy Followed by Bleomycin in Treating Adult Patients With Newly Diagnosed Supratentorial Glioblastoma Multiforme,2001-06-01T00:00:00Z,2005-12-01T00:00:00Z,2005-12-01T00:00:00Z,TRUE,NA,None (Open Label),NETWORK,TRUE,NA,Lucille P. Markey Cancer Center at University of Kentucky,NA,NA,NA,NA,2000,2001,2005
NCT00007007,2020-10-21,2000-12-06,NA,Interventional,Not Applicable,59,Completed,Evaluation of Memory Skills in Patients Receiving Radiation Therapy for Brain Metastases,2000-11-01T00:00:00Z,2004-12-01T00:00:00Z,2004-12-01T00:00:00Z,FALSE,NA,None (Open Label),NETWORK,TRUE,NA,NA,NA,Lucille P. Markey Cancer Center at University of Kentucky,NA,NA,2000,2000,2004
NCT00026533,2017-06-04,2001-11-09,NA,Interventional,Phase 2,NA,Completed,Thalidomide in Treating Patients With Thyroid Cancer,2001-06-01T00:00:00Z,2005-12-01T00:00:00Z,2003-11-01T00:00:00Z,FALSE,NA,NA,OTHER,FALSE,NA,NA,NA,Lucille P. Markey Cancer Center at University of Kentucky,NA,NA,2001,2001,2005
NCT00086242,2019-03-06,2004-06-28,NA,Interventional,Not Applicable,36,Completed,"Telephone Counseling or Standard Care in Patients Who Have Completed Treatment for Stages I, II, or III Cervical Cancer",2004-08-01T00:00:00Z,2007-06-30T00:00:00Z,2005-12-31T00:00:00Z,FALSE,Randomized,Single,OTHER,FALSE,"University of California, Irvine",NA,NA,NA,NA,"University of California, Irvine",2004,2004,2007
NCT00103116,2017-03-30,2005-02-07,2013-11-07,Interventional,Phase 2,32,Completed,"Vaccine Therapy in Treating Patients With Stage I, Stage II, or Stage III Non-small Cell Lung Cancer",2004-10-01T00:00:00Z,2008-04-01T00:00:00Z,2008-04-01T00:00:00Z,TRUE,NA,None (Open Label),OTHER,FALSE,NA,NA,NA,Lucille P. Markey Cancer Center at University of Kentucky,NA,NA,2005,2004,2008
NCT00161733,2017-04-04,2005-09-08,NA,Interventional,Phase 3,NA,Completed,"Safety and Hemostatic Efficacy of Fibrin Sealant Vapor Heated, Solvent/Detergent Treated (FS VH S/D) Compared With Currently Licensed TISSEEL VH Fibrin Sealant in Subjects Undergoing Cardiac Surgery",2002-09-01T00:00:00Z,2004-11-01T00:00:00Z,NA,FALSE,Randomized,Double,INDUSTRY,TRUE,NA,"UCI Medical Center, Orange, CA",NA,NA,NA,NA,2005,2002,2004
NCT00161759,2006-10-19,2005-09-08,NA,Interventional,Phase 1/Phase 2,40,Completed,Safety and Efficacy Study of Fibrin Sealant (FS 4IU) for Skin Graft Fixation and Wound Healing in Subjects With Burn Wounds,2002-03-01T00:00:00Z,2004-01-01T00:00:00Z,NA,FALSE,Randomized,None (Open Label),INDUSTRY,TRUE,NA,"University of California Irvine, Orange, CA",NA,NA,NA,NA,2005,2002,2004
NCT00221390,2016-10-28,2005-09-19,NA,Interventional,Phase 2,52,Completed,Trial of Ropinirole in Motor Recovery After Stroke,2003-10-01T00:00:00Z,2007-05-01T00:00:00Z,2007-02-01T00:00:00Z,FALSE,Randomized,Quadruple,OTHER,FALSE,"University of California, Irvine","University of California, Irvine",NA,NA,NA,"University of California, Irvine",2005,2003,2007
NCT00247377,2010-05-11,2005-10-31,2010-01-19,Interventional,Not Applicable,197,Completed,Laparoscopic Gastric Bypass vs LAP-BAND for Treatment of Morbid Obesity,2002-10-01T00:00:00Z,2009-12-01T00:00:00Z,2009-12-01T00:00:00Z,TRUE,Randomized,None (Open Label),OTHER,FALSE,"University of California, Irvine","University of California, Irvine Medical Center, Orange, CA",NA,NA,NA,"Chief, Division of Gastrointestinal Surgery University of California, Irvine Medical Center",2005,2002,2009
NCT00247416,2014-01-16,2005-10-28,2013-08-02,Interventional,Phase 2,60,Completed,Effects of Carboplatin and Gemcitabine on Stage IIIB Pleural Effusion and Stage IV Lung Cancer,2005-08-01T00:00:00Z,2009-07-01T00:00:00Z,2009-07-01T00:00:00Z,TRUE,Randomized,None (Open Label),OTHER,TRUE,NA,Lucille P. Markey Cancer Center at University of Kentucky,NA,NA,NA,NA,2005,2005,2009
NCT00254072,2010-02-11,2005-10-31,2009-11-05,Interventional,Not Applicable,355,Completed,Evaluation of Endostapled Anastomoses for Laparoscopic Gastric Bypass (EEA-LGB),2007-01-01T00:00:00Z,2009-04-01T00:00:00Z,2009-04-01T00:00:00Z,TRUE,Randomized,None (Open Label),OTHER,TRUE,"University of California, Irvine","University of California, Irvine",NA,NA,NA,"University of California, Irvine Medical Center",2005,2007,2009
NCT00254592,2019-02-13,2005-11-15,2009-08-28,Interventional,Phase 2,43,Completed,Neoadjuvant Treatment of Breast Cancer,2005-10-01T00:00:00Z,2013-09-04T00:00:00Z,2013-09-04T00:00:00Z,TRUE,NA,None (Open Label),OTHER,FALSE,"University of California, Irvine",NA,NA,NA,NA,"University of California, Irvine",2005,2005,2013
NCT00256217,2021-04-19,2005-11-16,2021-01-06,Interventional,Phase 2,42,Completed,Chemoprevention Trial - Anastrozole in Ductal Carcinoma In Situ (DCIS) in Postmenopausal Women,2004-09-21T00:00:00Z,2018-12-12T00:00:00Z,2018-12-12T00:00:00Z,TRUE,NA,None (Open Label),OTHER,FALSE,NA,NA,NA,NA,NA,"University of California, Irvine",2005,2004,2018
NCT00256230,2016-12-06,2005-11-17,NA,Interventional,Phase 1/Phase 2,7,Completed,Disulfiram in Patients With Metastatic Melanoma,2002-01-01T00:00:00Z,2007-08-01T00:00:00Z,2007-08-01T00:00:00Z,FALSE,NA,None (Open Label),OTHER,FALSE,NA,NA,NA,NA,NA,"University of California, Irvine",2005,2002,2007
NCT00256243,2018-02-28,2005-11-17,2009-08-28,Interventional,Phase 2,48,Completed,Neoadjuvant Biweekly Treatment Followed by Weekly Treatment of Breast Cancer,2004-04-01T00:00:00Z,2012-07-01T00:00:00Z,2011-03-01T00:00:00Z,TRUE,NA,None (Open Label),OTHER,FALSE,NA,NA,NA,NA,NA,"University of California, Irvine",2005,2004,2012
NCT00256269,2018-01-24,2005-11-17,NA,Interventional,Phase 2,4,Terminated,Oxaliplatin and Irinotecan in Recurrent or Metastatic Esophageal and Gastroesophageal (GE) Junction Carcinoma,2005-06-01T00:00:00Z,2007-02-07T00:00:00Z,2007-02-07T00:00:00Z,FALSE,NA,None (Open Label),OTHER,FALSE,"University of California, Irvine",NA,NA,NA,NA,"University of California, Irvine",2005,2005,2007
NCT00256282,2018-05-01,2005-11-17,2016-12-31,Interventional,Phase 2,52,Completed,Docetaxel and Vinorelbine Plus Sargramostim in Metastatic Malignant Melanoma,2003-04-01T00:00:00Z,2012-08-01T00:00:00Z,2012-08-01T00:00:00Z,TRUE,NA,None (Open Label),OTHER,FALSE,NA,NA,NA,NA,NA,"University of California, Irvine",2005,2003,2012
NCT00256295,2016-12-02,2005-11-17,2013-06-21,Interventional,Phase 2,8,Terminated,Weekly Oxaliplatin and Gemcitabine for Recurrent or Metastatic Head and Neck Cancer,2005-04-01T00:00:00Z,2011-10-01T00:00:00Z,2008-02-01T00:00:00Z,TRUE,NA,None (Open Label),OTHER,FALSE,NA,NA,NA,NA,NA,"University of California, Irvine",2005,2005,2011
NCT00256308,2018-04-27,2005-11-17,2013-06-26,Interventional,Phase 2,6,Terminated,Adjuvant Chemoradiation With Weekly Oxaliplatin in Resected Head and Neck Cancer,2005-02-01T00:00:00Z,2011-10-01T00:00:00Z,2010-05-01T00:00:00Z,TRUE,NA,None (Open Label),OTHER,FALSE,"University of California, Irvine",NA,NA,NA,NA,"University of California, Irvine",2005,2005,2011
NCT00256321,2019-02-06,2005-11-18,NA,Interventional,Phase 2,4,Terminated,Celecoxib/Oxaliplatin/Capecitabine for Gastric/Gastroesophageal Junction Carcinoma,2004-10-01T00:00:00Z,2007-08-01T00:00:00Z,2007-08-01T00:00:00Z,FALSE,NA,None (Open Label),OTHER,FALSE,"University of California, Irvine",NA,NA,NA,NA,"University of California, Irvine",2005,2004,2007
NCT00256334,2014-06-18,2005-11-17,NA,Interventional,Phase 1,11,Completed,Resveratrol for Patients With Colon Cancer,2005-07-01T00:00:00Z,2009-04-01T00:00:00Z,2008-12-01T00:00:00Z,FALSE,NA,None (Open Label),OTHER,FALSE,"University of California, Irvine","University of California, Irvine",NA,NA,NA,"University of California, Irvine",2005,2005,2009
NCT00257322,2018-02-06,2005-11-18,2009-06-26,Interventional,Phase 2,20,Completed,Cellular Immune Augmentation in Colon and Rectal Cancer,2003-04-01T00:00:00Z,2007-01-01T00:00:00Z,2007-01-01T00:00:00Z,TRUE,NA,None (Open Label),OTHER,FALSE,"University of California, Irvine",NA,NA,NA,NA,"University of California, Irvine",2005,2003,2007
NCT00257348,2013-02-06,2005-11-21,NA,Interventional,Phase 2,5,Completed,Capecitabine and Docetaxel in Advanced/Recurrent Cervical Cancer,2004-03-01T00:00:00Z,2007-07-01T00:00:00Z,2007-07-01T00:00:00Z,FALSE,NA,None (Open Label),OTHER,FALSE,"University of California, Irvine",NA,NA,NA,NA,NA,2005,2004,2007
NCT00257816,2018-02-01,2005-11-21,NA,Interventional,Phase 2,12,Completed,Weekly IV Topotecan and Cisplatin With Radiation in Cervical Carcinoma,2004-01-01T00:00:00Z,2007-12-17T00:00:00Z,2007-12-17T00:00:00Z,FALSE,NA,None (Open Label),OTHER,FALSE,"University of California, Irvine",NA,NA,NA,NA,"University of California, Irvine",2005,2004,2007
NCT00314678,2016-12-06,2006-04-12,NA,Interventional,Phase 2,40,Completed,Cisplatin Induction With Paclitaxel Consolidation for Stage III-IV Epithelial Ovarian and Primary Peritoneal Cancer,2005-09-01T00:00:00Z,2007-04-01T00:00:00Z,NA,FALSE,Non-Randomized,None (Open Label),OTHER,FALSE,NA,NA,NA,NA,NA,"University of California, Irvine",2006,2005,2007
NCT00319839,2018-01-11,2006-04-27,2013-06-26,Interventional,Phase 2,10,Terminated,Study of Albumin Bound-Paclitaxel for Treatment of Recurrent or Metastatic Head and Neck Cancer With Cetuximab,2006-03-01T00:00:00Z,2010-06-01T00:00:00Z,2009-05-01T00:00:00Z,TRUE,NA,None (Open Label),OTHER,FALSE,"University of California, Irvine",NA,NA,NA,NA,"University of California, Irvine",2006,2006,2010
NCT00337129,2015-08-11,2006-06-13,2012-07-20,Interventional,Phase 2,42,Completed,S0618 E7389 in Treating Patients With Metastatic or Recurrent Head and Neck Cancer,2006-05-01T00:00:00Z,2011-07-01T00:00:00Z,2008-08-01T00:00:00Z,TRUE,NA,None (Open Label),NIH,TRUE,NA,NA,NA,Lucille P. Markey Cancer Center at University of Kentucky,NA,NA,2006,2006,2011
NCT00360477,2016-12-12,2006-08-03,NA,Interventional,Not Applicable,59,Completed,FloSeal Tubeless Exit Versus Cope Loop Nephrostomy Versus Fascial Stitch Following Percutaneous Nephrolithotripsy,2004-06-01T00:00:00Z,2015-01-01T00:00:00Z,2014-10-01T00:00:00Z,FALSE,Randomized,Single,OTHER,FALSE,"University of California, Irvine",NA,NA,NA,NA,"University of California, Irvine",2006,2004,2015
NCT00362414,2016-08-16,2006-08-09,2012-06-12,Interventional,Phase 2,15,Completed,Beta-hCG + Erythropoietin in Acute Stroke,2006-08-01T00:00:00Z,2008-03-01T00:00:00Z,2008-03-01T00:00:00Z,TRUE,NA,None (Open Label),OTHER,FALSE,"University of California, Irvine","University of California, Irvine",NA,NA,NA,"University of California, Irvine",2006,2006,2008
NCT00381108,2010-01-04,2006-09-26,NA,Interventional,Phase 1,20,Unknown status,Study of the Effects of Pomegranate Tablets on Enlarged Prostates,2005-09-01T00:00:00Z,2010-06-01T00:00:00Z,2010-06-01T00:00:00Z,FALSE,Randomized,Triple,OTHER,TRUE,"University of California, Irvine",UCIMC Department of Urology,NA,NA,NA,"University of California, Irvine",2006,2005,2010
NCT00395980,2008-12-11,2006-11-02,NA,Interventional,Not Applicable,20,Completed,Muscle Pressure in the Flank Position,2006-10-01T00:00:00Z,2007-07-01T00:00:00Z,NA,FALSE,Non-Randomized,None (Open Label),OTHER,FALSE,"University of California, Irvine","University of California, Irvine",NA,NA,NA,"University of California, Irvine",2006,2006,2007
NCT00437827,2009-10-23,2007-01-17,NA,Interventional,Not Applicable,120,Completed,rEEG Guided Pharmacotherapy of Subjects With Depression Treatment Failure,2006-08-01T00:00:00Z,2009-10-01T00:00:00Z,2009-10-01T00:00:00Z,FALSE,Randomized,Single,INDUSTRY,TRUE,NA,"University of California, Irvine",NA,NA,NA,NA,2007,2006,2009
NCT00442598,2015-03-06,2007-02-28,2015-02-20,Interventional,Phase 2,17,Terminated,Safety and Efficacy Study of Glufosfamide in Ovarian Cancer,2007-01-01T00:00:00Z,2008-04-01T00:00:00Z,2008-04-01T00:00:00Z,TRUE,Randomized,None (Open Label),INDUSTRY,TRUE,NA,UCI Chao Family Comprehensive Cancer Center,NA,NA,NA,NA,2007,2007,2008
NCT00473213,2007-05-11,2007-05-11,NA,Interventional,Phase 3,217,Completed,Optimizing IFN Beta - 1B Dose,1999-09-01T00:00:00Z,2004-02-01T00:00:00Z,NA,FALSE,Randomized,Single,OTHER,TRUE,NA,"Ospedale Generale di Macerata,Servizio di Neurofisiopatologia, Via Santa Lucia 1 62100 Macerata.",NA,NA,NA,NA,2007,1999,2004
NCT00496106,2019-03-05,2007-07-02,NA,Interventional,Not Applicable,204,Completed,"Stress, Immunity and Cervical Cancer: Biobehavioral Outcomes",2007-08-01T00:00:00Z,2011-02-01T00:00:00Z,2010-08-01T00:00:00Z,FALSE,Randomized,None (Open Label),OTHER,FALSE,"University of California, Irvine","University of California, Irvine",NA,NA,NA,"University of California, Irvine",2007,2007,2011
NCT00506025,2017-11-17,2007-07-24,2009-12-03,Interventional,Not Applicable,51,Completed,Effectiveness of Cranberry Ingestion on Bacterial Adhesion: An Adjunct Study,2006-08-01T00:00:00Z,2008-02-01T00:00:00Z,2008-02-01T00:00:00Z,TRUE,Non-Randomized,None (Open Label),OTHER,FALSE,"University of California, Irvine","University of California, Irvine",NA,NA,NA,"University of California, Irvine",2007,2006,2008
NCT00513461,2018-08-09,2007-08-06,2017-08-24,Interventional,Phase 2,110,Completed,Liver Cancer Prevention Trial in Patients With Chronic Hep C Infection,2007-10-01T00:00:00Z,2013-12-01T00:00:00Z,2012-08-01T00:00:00Z,TRUE,Randomized,Triple,OTHER,TRUE,NA,NA,NA,NA,NA,"University of California, Irvine",2007,2007,2013
NCT00514618,2011-04-04,2007-08-09,NA,Interventional,Not Applicable,5,Terminated,Outpatient Cervical Ripening With Orally Administered Misoprostol in Diabetics,2006-03-01T00:00:00Z,2008-12-01T00:00:00Z,2008-12-01T00:00:00Z,FALSE,Randomized,Triple,OTHER,FALSE,"University of California, Irvine","University of California, Irvine",NA,NA,NA,NA,2007,2006,2008
NCT00516841,2012-08-21,2007-08-14,NA,Interventional,Phase 2,16,Terminated,"A Phase 2, Single-Arm Study of Volociximab Monotherapy in Subjects With Platinum-Resistant Advanced Epithelial Ovarian Cancer or Primary Peritoneal Cancer",2007-08-01T00:00:00Z,2008-04-01T00:00:00Z,2008-04-01T00:00:00Z,FALSE,NA,None (Open Label),INDUSTRY,TRUE,NA,UCI Medical Center,NA,NA,NA,NA,2007,2007,2008
NCT00527254,2007-09-07,2007-09-07,NA,Interventional,Not Applicable,328,Completed,Telemedicine Influence in the Follow up of the Type 2 Diabetes Patient,2003-10-01T00:00:00Z,2005-06-01T00:00:00Z,NA,FALSE,Randomized,None (Open Label),OTHER_GOV,FALSE,NA,Málaga Health Department (Junta de Andalucia),NA,NA,NA,NA,2007,2003,2005
NCT00533494,2007-11-11,2007-09-20,NA,Interventional,Phase 3,NA,Completed,The Effect of Patients' Participation in Improving Diabetes Care,2000-01-01T00:00:00Z,2003-09-01T00:00:00Z,NA,FALSE,Randomized,Single,OTHER,FALSE,NA,"Department of Medicine, School of Medicine,UCI",NA,NA,NA,NA,2007,2000,2003
NCT00540852,2017-02-22,2007-10-04,NA,Interventional,Not Applicable,77,Completed,Monitoring the Response of Chemotherapy on Breast Cancer Tumor by Photon Migration Spectroscopy,2002-06-01T00:00:00Z,2011-01-01T00:00:00Z,2011-01-01T00:00:00Z,FALSE,NA,NA,OTHER,TRUE,"University of California, Irvine",Beckman Laser Institute University of California Irvine,NA,NA,NA,"University of California, Irvine",2007,2002,2011
NCT00540917,2017-02-08,2007-10-04,NA,Interventional,Phase 2,118,Completed,Measurement Skin Temperature During Pulsed Laser Exposure,2002-07-01T00:00:00Z,2010-03-01T00:00:00Z,2010-03-01T00:00:00Z,FALSE,NA,None (Open Label),OTHER,FALSE,"University of California, Irvine",Beckman Laser Institute University of California Irvine,NA,NA,NA,"University of California, Irvine",2007,2002,2010
NCT00556946,2017-02-08,2007-11-09,2016-02-05,Interventional,Not Applicable,17,Completed,Combined Photodynamic and Pulsed Dye Laser Treatment of Port Wine Stains,2005-08-01T00:00:00Z,2014-10-01T00:00:00Z,2014-10-01T00:00:00Z,TRUE,NA,None (Open Label),OTHER,FALSE,"University of California, Irvine",Beckman Laser Institute University of California Irvine,NA,NA,NA,"University of California, Irvine",2007,2005,2014
NCT00564330,2014-08-25,2007-11-26,NA,Interventional,Phase 1/Phase 2,30,Completed,In Vivo Quantification of Dental Demineralisation Using OCT With and Without Esomeprazole,2007-11-01T00:00:00Z,2008-05-01T00:00:00Z,2008-04-01T00:00:00Z,FALSE,Randomized,Quadruple,OTHER,TRUE,NA,NA,"Beckman and Laser Institute, University of California, Irvine, USA",NA,NA,NA,2007,2007,2008
NCT00569439,2007-12-06,2007-12-06,NA,Interventional,Phase 2,301,Completed,A Study on the Effects of Dextrose Solutions on the Course of Labor,2000-11-01T00:00:00Z,2007-06-01T00:00:00Z,NA,FALSE,Randomized,Quadruple,OTHER,TRUE,NA,"University of California, Irvine",NA,NA,NA,NA,2007,2000,2007
NCT00570700,2019-02-05,2007-12-06,2017-07-27,Interventional,Phase 2,38,Completed,Trial of Dasatinib (Sprycel®) in Subjects With Hormone-refractory Prostate Cancer,2007-07-01T00:00:00Z,2012-02-01T00:00:00Z,2012-02-01T00:00:00Z,TRUE,NA,None (Open Label),OTHER,TRUE,"University of California, Irvine",NA,NA,NA,NA,"University of California, Irvine",2007,2007,2012
NCT00571116,2019-08-05,2007-12-06,NA,Interventional,Phase 1,9,Terminated,Disulfiram Plus Arsenic Trioxide In Patients With Metastatic Melanoma and at Least One Prior Systemic Therapy,2006-09-01T00:00:00Z,2012-08-01T00:00:00Z,2012-08-01T00:00:00Z,FALSE,NA,None (Open Label),OTHER,FALSE,"University of California, Irvine",NA,NA,NA,NA,"University of California, Irvine",2007,2006,2012
NCT00573248,2011-09-01,2007-12-12,2011-04-01,Interventional,Not Applicable,78,Completed,Nicotine and Behavior in Adult ADHD,2005-08-01T00:00:00Z,2009-12-01T00:00:00Z,2009-12-01T00:00:00Z,TRUE,Randomized,Double,OTHER,FALSE,"University of California, Irvine","University of California, Irvine",NA,NA,NA,NA,2007,2005,2009
NCT00573365,2017-08-01,2007-12-12,NA,Interventional,Not Applicable,33,Completed,LED Photomodulation for Prevention of Post-Radiation Treatment Dermatitis,2007-03-01T00:00:00Z,2008-08-01T00:00:00Z,2008-07-01T00:00:00Z,FALSE,Randomized,Single,OTHER,FALSE,"University of California, Irvine",NA,NA,NA,NA,"University of California, Irvine",2007,2007,2008
NCT00573729,2017-02-08,2007-12-06,NA,Interventional,Phase 1,56,Completed,Pulsed Dye Laser Treatment of Port Wine Stain Birthmarks: Comparison of 577 nm Versus 595 nm Wavelengths,2007-03-01T00:00:00Z,2009-01-01T00:00:00Z,2009-01-01T00:00:00Z,FALSE,Randomized,Single,OTHER,FALSE,"University of California, Irvine",Beckman Laser Institute University of California Irvine,NA,NA,NA,"University of California, Irvine",2007,2007,2009
NCT00573859,2011-09-23,2007-12-12,2011-08-15,Interventional,Phase 1/Phase 2,27,Completed,The Reinforcing Mechanisms of Smoking in Adult ADHD,2006-09-01T00:00:00Z,2010-06-01T00:00:00Z,2010-06-01T00:00:00Z,TRUE,Randomized,Double,OTHER,FALSE,"University of California, Irvine","University of California, Irvine",NA,NA,NA,NA,2007,2006,2010
NCT00580723,2013-12-16,2007-12-21,2013-03-18,Interventional,Phase 1/Phase 2,24,Completed,Effects of PRK 124 Lotion in Acne Rosacea,2007-04-01T00:00:00Z,2009-02-01T00:00:00Z,2009-02-01T00:00:00Z,TRUE,NA,None (Open Label),OTHER,FALSE,"University of California, Irvine","University of California, Irvine",NA,NA,NA,"University of California, Irvine",2007,2007,2009
NCT00580736,2017-02-08,2007-12-18,NA,Interventional,Phase 1,35,Completed,Optical Clearing of the Skin in Conjunction With Laser Treatments,2004-03-01T00:00:00Z,2008-07-01T00:00:00Z,2008-07-01T00:00:00Z,FALSE,NA,None (Open Label),OTHER,FALSE,"University of California, Irvine",NA,NA,NA,NA,"University of California, Irvine",2007,2004,2008
NCT00580814,2011-04-06,2007-10-04,NA,Interventional,Not Applicable,24,Completed,Brain Dopamine Function in Adults With ADHD,2006-02-01T00:00:00Z,2009-04-01T00:00:00Z,2009-03-01T00:00:00Z,FALSE,NA,None (Open Label),OTHER,FALSE,"University of California, Irvine",NA,NA,NA,NA,NA,2007,2006,2009
NCT00580931,2017-01-23,2007-12-24,NA,Interventional,Phase 1/Phase 2,50,Completed,Safety Study of Nicotinamide to Treat Alzheimer's Disease,2008-01-01T00:00:00Z,2014-07-01T00:00:00Z,2014-07-01T00:00:00Z,FALSE,Randomized,Quadruple,OTHER,FALSE,"University of California, Irvine",NA,NA,NA,NA,"University of California, Irvine",2007,2008,2014
NCT00581009,2021-01-22,2007-12-19,NA,Interventional,Phase 1/Phase 2,96,Completed,The Role of Dopamine Metabolism in the Antidepressant Effects of Sleep Deprivation and Sertraline in Depressed Patients,2001-05-30T00:00:00Z,2011-12-09T00:00:00Z,2011-12-09T00:00:00Z,FALSE,Randomized,None (Open Label),OTHER,TRUE,"University of California, Irvine",NA,NA,"University of California, Irvine",NA,NA,2007,2001,2011
NCT00581061,2010-10-05,2007-12-21,2010-03-11,Interventional,Not Applicable,13,Terminated,Study to Determine Effects of Vesicare on Return to Continence Post- Radical Prostatectomy,2008-06-01T00:00:00Z,2010-02-01T00:00:00Z,2009-02-01T00:00:00Z,TRUE,Non-Randomized,None (Open Label),OTHER,FALSE,"University of California, Irvine","University of California, Irvine",NA,NA,NA,"University of California, Irvine",2007,2008,2010
NCT00581334,2013-07-18,2007-12-21,NA,Interventional,Not Applicable,20,Completed,Robotic-assisted Laparoscopic Sacrocolpopexy,2007-05-01T00:00:00Z,2012-06-01T00:00:00Z,2012-06-01T00:00:00Z,FALSE,Non-Randomized,None (Open Label),OTHER,FALSE,"University of California, Irvine","University of California, Irvine",NA,NA,NA,"University of California, Irvine",2007,2007,2012
NCT00581399,2011-10-27,2007-12-20,2011-04-25,Interventional,Phase 2,94,Completed,A Randomized Multicenter Clinical Study On the High Vacuum Body Cavity Drainage System Following Open Heart Surgery,2006-09-01T00:00:00Z,2010-09-01T00:00:00Z,2010-07-01T00:00:00Z,TRUE,Randomized,None (Open Label),OTHER,FALSE,"University of California, Irvine","University of California, Irvine",NA,NA,NA,NA,2007,2006,2010
NCT00581568,2017-02-08,2007-12-19,NA,Interventional,Phase 1,53,Completed,Cutaneous Effects of Cryogen Spray Cooling,2004-01-01T00:00:00Z,2010-09-01T00:00:00Z,2010-09-01T00:00:00Z,FALSE,NA,None (Open Label),OTHER,FALSE,"University of California, Irvine",NA,NA,NA,NA,"University of California, Irvine",2007,2004,2010
NCT00581594,2021-01-22,2007-12-20,NA,Interventional,Not Applicable,8,Terminated,Traditional vs. Graft-augmented Posterior Colporrhaphy,2006-01-01T00:00:00Z,2008-10-11T00:00:00Z,2008-10-11T00:00:00Z,FALSE,Randomized,Single,OTHER,FALSE,"University of California, Irvine","University of California, Irvine",NA,NA,NA,NA,2007,2006,2008
NCT00585247,2018-03-06,2007-12-18,2015-08-25,Interventional,Not Applicable,27,Completed,Combining Topical Imiquimod 5% Cream With a Pulsed Dye Laser to Treat Port Wine Stain Birthmarks,2006-11-01T00:00:00Z,2012-08-01T00:00:00Z,2012-08-01T00:00:00Z,TRUE,Randomized,Double,OTHER,FALSE,"University of California, Irvine",Beckman Laser Institute University of California Irvine,NA,NA,NA,"University of California, Irvine",2007,2006,2012
NCT00585286,2013-12-13,2007-12-26,2011-06-17,Interventional,Phase 1/Phase 2,15,Completed,Fractional Resurfacing Device for Treatment of Acne Scarring,2007-03-01T00:00:00Z,2008-07-01T00:00:00Z,2008-07-01T00:00:00Z,TRUE,NA,None (Open Label),OTHER,FALSE,"University of California, Irvine","University of California, Irvine",NA,NA,NA,"University of California, Irvine",2007,2007,2008
NCT00585338,2017-02-08,2007-12-18,NA,Interventional,Phase 1,1,Completed,Treatment of Vascular Lesions With a Tandem 532/1064 nm Laser,2007-12-01T00:00:00Z,2010-10-01T00:00:00Z,2010-10-01T00:00:00Z,FALSE,NA,None (Open Label),OTHER,FALSE,"University of California, Irvine",Beckman Laser Institute University of California Irvine,Beckman Laser Institute University of California Irvine,NA,NA,"University of California, Irvine",2007,2007,2010
NCT00585650,2021-06-10,2007-12-26,2011-05-12,Interventional,Phase 1/Phase 2,20,Completed,Study of Tumor Necrosis Factor Receptor Fusion Protein Etanercept (Enbrel) in Psoriasis of the Hands and/or Feet,2007-05-01T00:00:00Z,2008-05-01T00:00:00Z,2008-05-01T00:00:00Z,TRUE,Randomized,Double,OTHER,TRUE,"University of California, Irvine","University of California, Irvine",NA,NA,NA,NA,2007,2007,2008
NCT00585715,2020-04-28,2007-12-26,2011-06-17,Interventional,Not Applicable,22,Completed,Evaluation of the Candela 1064nm:Nd:YAG Laser for Skin Tightening,2006-10-01T00:00:00Z,2010-01-01T00:00:00Z,2009-12-01T00:00:00Z,TRUE,Randomized,None (Open Label),OTHER,TRUE,"University of California, Irvine","University of California, Irvine",NA,NA,NA,"University of California, Irvine",2007,2006,2010
NCT00598819,2011-08-15,2007-12-19,2010-01-15,Interventional,Phase 1,14,Completed,A Prospective Study of a New Device for Monitoring Cerebral Oxygenation on Healthy Volunteers,2007-10-01T00:00:00Z,2009-05-01T00:00:00Z,2009-05-01T00:00:00Z,TRUE,NA,None (Open Label),OTHER,FALSE,"University of California, Irvine","University of California, Irvine",NA,NA,NA,"University of California, Irvine",2007,2007,2009
NCT00599105,2010-11-17,2008-01-10,NA,Interventional,Not Applicable,700,Completed,Angiogenesis in Early Breast Cancer for Prognosis Prediction,2000-11-01T00:00:00Z,2010-07-01T00:00:00Z,2010-07-01T00:00:00Z,FALSE,NA,None (Open Label),OTHER,FALSE,"University of California, Irvine",NA,NA,NA,NA,"University of California, Irvine",2008,2000,2010
NCT00600002,2018-06-07,2008-01-17,NA,Interventional,Phase 1,30,Completed,"Administration as a Biological Adjuvant in Clinically-Staged, Resectable Pancreatic Adenocarcinoma",2004-06-01T00:00:00Z,2018-04-01T00:00:00Z,2018-04-01T00:00:00Z,FALSE,NA,None (Open Label),OTHER,FALSE,NA,NA,NA,NA,NA,"University of California, Irvine",2008,2004,2018
NCT00610467,2020-04-15,2008-01-12,2018-02-01,Interventional,Not Applicable,2,Terminated,Combined MRI and Optical Imaging to Improved Breast Cancer Diagnosis,2006-10-01T00:00:00Z,2017-10-30T00:00:00Z,2016-10-30T00:00:00Z,TRUE,Non-Randomized,None (Open Label),OTHER,FALSE,"University of California, Irvine","University of California, Irvine",NA,NA,NA,"University of California, Irvine",2008,2006,2017
NCT00610558,2019-11-01,2008-01-12,2016-10-28,Interventional,Not Applicable,60,Completed,Neocortical Epilepsies - Do They Progress?,2003-07-01T00:00:00Z,2010-09-01T00:00:00Z,2009-06-01T00:00:00Z,TRUE,Non-Randomized,None (Open Label),OTHER,FALSE,"University of California, Irvine","University of California, Irvine",NA,NA,NA,"University of California, Irvine",2008,2003,2010
NCT00613886,2020-12-18,2008-01-03,2019-04-15,Interventional,Not Applicable,24,Terminated,Factors Predicting Response to Shunting in Normal Pressure Hydrocephalus,2006-03-01T00:00:00Z,2009-04-01T00:00:00Z,2009-04-01T00:00:00Z,TRUE,NA,None (Open Label),OTHER,FALSE,"University of California, Irvine",NA,NA,NA,NA,NA,2008,2006,2009
NCT00631059,2010-10-11,2008-02-27,NA,Interventional,Not Applicable,40,Terminated,Assessment and Determination of Chemotherapy Resistance in Newly-Diagnosed or First Relapse Leukemia Patients,2008-03-01T00:00:00Z,2010-06-01T00:00:00Z,NA,FALSE,NA,None (Open Label),OTHER,FALSE,"University of California, Irvine",UCI Department of Medicine -- Hematology/Oncology,NA,NA,NA,NA,2008,2008,2010
NCT00641784,2009-09-17,2008-03-19,NA,Interventional,Phase 3,200,Terminated,Tocolytics Trial: Intravenous (IV) Magnesium Versus Oral Nifedpine in Fetal Fibronectin (FFN) Postive Population,2008-03-01T00:00:00Z,2012-03-01T00:00:00Z,2012-03-01T00:00:00Z,FALSE,Randomized,None (Open Label),OTHER,FALSE,NA,"University of California, Irvine",NA,NA,NA,NA,2008,2008,2012
NCT00667381,2010-10-19,2008-04-24,2010-09-27,Interventional,Not Applicable,1014,Completed,Femoral Arterial Access With Ultrasound Trial,2008-04-01T00:00:00Z,2009-03-01T00:00:00Z,2009-02-01T00:00:00Z,TRUE,Randomized,Single,OTHER,TRUE,"University of California, Irvine","University of California, Irvine",NA,NA,NA,"University of California, Irvine",2008,2008,2009
NCT00696540,2008-06-09,2008-06-09,NA,Interventional,Phase 2,74,Unknown status,Hypertonic Saline for Outpatient Bronchiolitis,2008-06-01T00:00:00Z,2008-10-01T00:00:00Z,2008-09-01T00:00:00Z,FALSE,Randomized,Quadruple,OTHER,FALSE,NA,NA,"Clinica Vespucio, Santiago, Chile",NA,NA,NA,2008,2008,2008
NCT00733356,2018-01-16,2008-08-11,2013-06-21,Interventional,Phase 4,42,Completed,The Effects of Vyvanse(TM) on Brain Hemodynamics and Reading,2008-07-01T00:00:00Z,2009-09-01T00:00:00Z,2009-09-01T00:00:00Z,TRUE,NA,Single,OTHER,FALSE,NA,NA,NA,NA,NA,"University of California, Irvine",2008,2008,2009
NCT00734435,2012-11-27,2008-08-12,NA,Interventional,Phase 2,26,Terminated,Olanzapine Given in Combination With Zonisamide SR to Prevent Weight Gain in Schizophrenic Subjects,2008-09-01T00:00:00Z,2008-12-01T00:00:00Z,2008-12-01T00:00:00Z,FALSE,Randomized,Double,INDUSTRY,TRUE,NA,UCI Medical Center,NA,NA,NA,NA,2008,2008,2008
NCT00747227,2011-10-06,2008-09-03,2011-03-04,Interventional,Phase 3,250,Completed,Safety and Efficacy of a Violet Visible Light Blocking Intraocular Lens (IOL),2006-12-01T00:00:00Z,2009-06-01T00:00:00Z,2009-03-01T00:00:00Z,TRUE,Randomized,Double,INDUSTRY,TRUE,NA,"University of California, Irvine, Dept. of Ophthalmology",NA,NA,NA,NA,2008,2006,2009
NCT00749931,2014-05-26,2008-09-07,2014-05-26,Interventional,Not Applicable,664,Completed,"MarginProbe, a Device for Intraoperative Assessment of Margin Status in Breast Conservation Surgery",2008-10-01T00:00:00Z,2010-06-01T00:00:00Z,2010-03-01T00:00:00Z,TRUE,Randomized,None (Open Label),INDUSTRY,TRUE,NA,"UCIrvine Medical Center, California, USA",NA,NA,NA,NA,2008,2008,2010
NCT00784108,2017-02-08,2008-10-30,NA,Interventional,Phase 1,11,Completed,Optimizing Photodynamic Therapy of Cutaneous Neoplastic Diseases Via Structured Illumination and Real-time Dosimetry.,2008-10-01T00:00:00Z,2012-09-01T00:00:00Z,2012-09-01T00:00:00Z,FALSE,Randomized,Single,OTHER,FALSE,"University of California, Irvine",Beckman Laser Institute University of California Irvine,NA,NA,NA,"University of California, Irvine",2008,2008,2012
NCT00785369,2012-10-02,2008-11-04,NA,Interventional,Not Applicable,441,Completed,In Vivo Confocal Microscopy for Pigmented Lesion Diagnosis,2008-08-01T00:00:00Z,2009-12-01T00:00:00Z,2009-12-01T00:00:00Z,FALSE,Non-Randomized,None (Open Label),INDUSTRY,TRUE,"Lucid, Inc.",NA,NA,NA,NA,NA,2008,2008,2009
NCT00800722,2017-02-08,2008-12-01,NA,Interventional,Phase 1,21,Completed,A Randomized Trial to Study Combined Pulsed Dye Laser and Rapamycin Treatment of Port Wine Stain Birthmarks.,2008-11-01T00:00:00Z,2014-06-01T00:00:00Z,2014-06-01T00:00:00Z,FALSE,NA,None (Open Label),OTHER,FALSE,"University of California, Irvine",Beckman Laser Institute University of California Irvine,NA,NA,NA,"University of California, Irvine",2008,2008,2014
NCT00811603,2009-09-17,2008-12-17,NA,Interventional,Phase 3,50,Completed,Trial Comparing the Optimal Timing of Antibiotic Prophylaxis at the Time of Cesarean Delivery,2008-08-01T00:00:00Z,2009-09-01T00:00:00Z,2009-06-01T00:00:00Z,FALSE,Randomized,Quadruple,OTHER,TRUE,NA,NA,NA,NA,NA,"University of California, Irvine",2008,2008,2009
NCT00830466,2017-02-08,2009-01-27,NA,Interventional,Phase 1,22,Completed,A Randomized Trial to Study Combined Pulsed Dye Laser and Rapamycin Treatment of Port Wine Stain Birthmarks.,2008-12-01T00:00:00Z,2016-01-01T00:00:00Z,2016-01-01T00:00:00Z,FALSE,NA,None (Open Label),OTHER,FALSE,"University of California, Irvine","Beckman Laser Institute and Medical Clinic, University of California Irvine",NA,NA,NA,"University of California, Irvine",2009,2008,2016
NCT00842764,2021-04-01,2009-02-11,2018-02-06,Interventional,Not Applicable,7,Completed,Minimally Invasive Holmium:YAG Laser Blepharoplasty,2009-01-01T00:00:00Z,2014-09-01T00:00:00Z,2014-09-01T00:00:00Z,TRUE,NA,None (Open Label),OTHER,FALSE,"University of California, Irvine","Otolaryngology, UCIMC",NA,NA,NA,"University of California, Irvine",2009,2009,2014
NCT00879619,2016-12-06,2009-04-08,2013-04-19,Interventional,Phase 1/Phase 2,4,Terminated,"Taxotere/Prednisone Plus Sunitinib in Chemotherapy-Naïve, Hormone Refractory Prostate Cancer Patients",2009-07-01T00:00:00Z,2011-11-01T00:00:00Z,2011-10-01T00:00:00Z,TRUE,NA,None (Open Label),OTHER,FALSE,NA,NA,NA,NA,NA,"University of California, Irvine",2009,2009,2011
NCT00887497,2011-09-26,2009-04-22,NA,Interventional,Phase 4,10,Terminated,Ischemic Conditioning (Delay Phenomenon) in Colorectal Surgery,2009-04-01T00:00:00Z,2011-06-01T00:00:00Z,2011-06-01T00:00:00Z,FALSE,Non-Randomized,None (Open Label),OTHER,FALSE,"University of California, Irvine","University of California, Irvine",NA,NA,NA,NA,2009,2009,2011
NCT00901069,2016-10-13,2009-05-11,NA,Interventional,Phase 1,12,Completed,"Azacitidine With Rituximab, Vincristine, and Cyclophosphamide in Refractory Lymphoma",2009-05-01T00:00:00Z,2012-11-01T00:00:00Z,2012-01-01T00:00:00Z,FALSE,NA,None (Open Label),OTHER,FALSE,NA,Lucille P. Markey Cancer Center at University of Kentucky,NA,NA,NA,NA,2009,2009,2012
NCT00909727,2012-07-18,2009-05-26,2012-02-27,Interventional,Phase 3,52,Completed,Study of Ivacaftor in Cystic Fibrosis Subjects Aged 6 to 11 Years With the G551D Mutation,2009-08-01T00:00:00Z,2011-04-01T00:00:00Z,2010-11-01T00:00:00Z,TRUE,Randomized,Quadruple,INDUSTRY,TRUE,NA,Roy A. & Lucille A. Carver College of Medicine,NA,NA,NA,NA,2009,2009,2011
NCT00915031,2019-03-06,2009-06-03,2017-05-22,Interventional,Not Applicable,738,Completed,Use of Hypothermia During Robotic Prostatectomy,2009-08-01T00:00:00Z,2015-06-01T00:00:00Z,2015-06-01T00:00:00Z,TRUE,Randomized,None (Open Label),OTHER,FALSE,"University of California, Irvine","University of California, Irvine",NA,NA,NA,"University of California, Irvine",2009,2009,2015
NCT00928499,2021-09-07,2009-06-24,2013-07-23,Interventional,Not Applicable,32,Completed,Trial of Continuous Versus Cyclic Stimulation in Interstim Therapy,2009-04-01T00:00:00Z,2012-04-01T00:00:00Z,2012-04-01T00:00:00Z,TRUE,Randomized,None (Open Label),OTHER,FALSE,"University of California, Irvine","University of California, Irvine",NA,NA,NA,"University of California, Irvine",2009,2009,2012
NCT00928564,2021-01-22,2009-06-24,2018-02-09,Interventional,Not Applicable,40,Completed,Addition of Pudendal Blocks to Pelvic Floor Physical Therapy for the Treatment of Pelvic Floor Tension Myalgia,2009-04-01T00:00:00Z,2016-05-01T00:00:00Z,2015-12-01T00:00:00Z,TRUE,Randomized,Double,OTHER,FALSE,"University of California, Irvine","University of California, Irvine",NA,NA,NA,"University of California, Irvine",2009,2009,2016
NCT00937261,2010-10-27,2009-07-07,NA,Interventional,Phase 4,96,Unknown status,Contrasting the Brain Effects of Risperidone and Invega With Functional Magnetic Resonance Imaging (fMRI) and Positron Emission Tomography (PET) Scanning,2009-07-01T00:00:00Z,2011-01-01T00:00:00Z,2010-07-01T00:00:00Z,FALSE,Randomized,Triple,OTHER,FALSE,"University of California, Irvine",NA,NA,NA,NA,NA,2009,2009,2011
NCT00937924,2011-02-10,2008-06-04,NA,Interventional,Not Applicable,465,Unknown status,Adjunct Sedatives in Procedures Involving Endoscopic Ultrasound (EUS) and Endoscopic Retrograde Cholangiopancreatography (ERCP),2008-02-01T00:00:00Z,2010-09-01T00:00:00Z,2010-09-01T00:00:00Z,FALSE,Randomized,Triple,OTHER,FALSE,"University of California, Irvine",NA,NA,NA,NA,NA,2008,2008,2010
NCT00938314,2011-11-24,2009-07-09,2011-09-01,Interventional,Phase 2,96,Terminated,Study of NTx®-265: Human Chorionic Gonadotropin (hCG) and Epoetin Alfa (EPO) in Acute Ischemic Stroke Patients,2009-08-01T00:00:00Z,2010-04-01T00:00:00Z,2010-04-01T00:00:00Z,TRUE,Randomized,Double,INDUSTRY,TRUE,NA,"Department of Neurology, University of California, Irvine Medical Center",NA,NA,NA,NA,2009,2009,2010
NCT00943904,2021-09-07,2009-07-20,2017-05-25,Interventional,Not Applicable,31,Completed,Comparison of Motor and Sensory Response With Interstim Stimulation,2009-07-01T00:00:00Z,2012-02-01T00:00:00Z,2012-02-01T00:00:00Z,TRUE,NA,None (Open Label),OTHER,FALSE,"University of California, Irvine","University of California, Irvine",NA,NA,NA,"University of California, Irvine",2009,2009,2012
NCT00954369,2012-08-21,2009-08-05,NA,Interventional,Early Phase 1,24,Completed,Exploratory and Safety Study of [F-18]W372,2009-08-01T00:00:00Z,2010-02-01T00:00:00Z,2010-02-01T00:00:00Z,FALSE,Non-Randomized,None (Open Label),INDUSTRY,FALSE,NA,"University of California, Irvine",NA,NA,NA,NA,2009,2009,2010
NCT00969540,2014-12-02,2009-08-31,2012-06-29,Interventional,Not Applicable,8,Completed,Trial on the Effect of Optically Modified Fiber Mattress Covers on Sleep Disturbances in Patients With Chronic Back Pain,2009-06-01T00:00:00Z,2011-07-01T00:00:00Z,2011-07-01T00:00:00Z,TRUE,Randomized,Triple,OTHER,FALSE,"University of California, Irvine",NA,NA,NA,NA,"University of California, Irvine",2009,2009,2011
NCT00977444,2010-01-19,2009-09-11,NA,Interventional,Phase 2/Phase 3,114,Unknown status,Evaluation of a New Formulation Useful for the Osteoarthrosis Treatment,2007-11-01T00:00:00Z,2009-10-01T00:00:00Z,2009-02-01T00:00:00Z,FALSE,Randomized,Quadruple,INDUSTRY,FALSE,Nucitec,NA,NA,NA,NA,NA,2009,2007,2009
NCT00980980,2017-03-22,2009-09-19,2014-05-14,Interventional,Not Applicable,74256,Completed,Cluster Randomized Trial of Hospitals to Assess Impact of Targeted Versus Universal Strategies to Reduce Methicillin-resistant Staphylococcus Aureus (MRSA) in Intensive Care Units (ICUs),2009-09-01T00:00:00Z,2011-09-01T00:00:00Z,2011-09-01T00:00:00Z,TRUE,Randomized,NA,OTHER,TRUE,NA,"University of California, Irvine",NA,NA,NA,NA,2009,2009,2011
NCT01050231,2021-03-23,2008-02-21,2016-10-25,Interventional,Not Applicable,20,Completed,Robotics For Rehabilitation Therapy: Functional Versus Individual Joint Training,2006-10-01T00:00:00Z,2012-01-01T00:00:00Z,2012-01-01T00:00:00Z,TRUE,Randomized,Single,OTHER,FALSE,"University of California, Irvine","University of California, Irvine",NA,NA,NA,"University of California, Irvine",2008,2006,2012
NCT01075399,2013-07-26,2010-02-23,2013-02-14,Interventional,Phase 2,50,Completed,Study of [F 18]HX4 Positron Emission Tomography (PET) as a Tool to Detect Hypoxia in Tumors,2010-02-01T00:00:00Z,2012-02-01T00:00:00Z,2011-05-01T00:00:00Z,TRUE,NA,None (Open Label),INDUSTRY,TRUE,NA,"University of California Irvine Medical Center, Orange, CA",NA,NA,NA,NA,2010,2010,2012
NCT01107665,2019-08-05,2010-04-19,2019-01-07,Interventional,Phase 2,60,Completed,Pazopanib and Paclitaxel as First-Line Treatment for Subjects With Unresectable Stage III and Stage IV Melanoma,2010-08-01T00:00:00Z,2018-02-01T00:00:00Z,2018-02-01T00:00:00Z,TRUE,NA,None (Open Label),OTHER,FALSE,"University of California, Irvine",NA,NA,NA,NA,"University of California, Irvine",2010,2010,2018
NCT01119820,2019-03-01,2010-05-06,NA,Interventional,Not Applicable,24,Completed,Tissue Donation for Myoblast Culture,2008-10-01T00:00:00Z,2012-06-01T00:00:00Z,2010-02-01T00:00:00Z,FALSE,NA,None (Open Label),OTHER,FALSE,"University of California, Irvine",UCI Medical Center,NA,NA,NA,"University of California, Irvine",2010,2008,2012
NCT01123109,2018-02-05,2010-05-06,NA,Interventional,Not Applicable,75,Completed,3-D Endoanal Ultrasound: Normative Anatomy of the Anal Sphincter in Nulliparous Females,2007-12-01T00:00:00Z,2012-06-01T00:00:00Z,2012-06-01T00:00:00Z,FALSE,NA,None (Open Label),OTHER,FALSE,"University of California, Irvine",UCI Medical Center,NA,NA,NA,"University of California, Irvine",2010,2007,2012
NCT01123239,2015-05-26,2010-05-12,NA,Interventional,Not Applicable,540,Completed,Understanding and Improving Diabetes Care for Ethnic Minorities,2006-01-01T00:00:00Z,2013-03-01T00:00:00Z,2012-03-01T00:00:00Z,FALSE,Randomized,Single,OTHER,TRUE,"University of California, Irvine",NA,NA,NA,NA,"University of California, Irvine",2010,2006,2013
NCT01202370,2013-08-12,2010-09-13,NA,Interventional,Phase 1,3,Completed,"A Phase I Study of AR-67 (7-t-butyldimethylsilyl-10-hydroxycamptothecin) Given on Days 1, 4 8, 12 & 15 of an Every 21-day Cycle in Adult Patients With Refractory or Metastatic Solid Malignancies",2010-09-01T00:00:00Z,2011-07-01T00:00:00Z,2011-07-01T00:00:00Z,FALSE,NA,None (Open Label),OTHER,FALSE,NA,Lucille P. Markey Cancer Center at University of Kentucky,NA,NA,NA,NA,2010,2010,2011
NCT01209234,2021-09-27,2010-09-23,2019-08-12,Interventional,Not Applicable,2140,Completed,Project CLEAR - Changing Lives by Eradicating Antibiotic Resistance,2011-01-01T00:00:00Z,2019-01-01T00:00:00Z,2019-01-01T00:00:00Z,TRUE,Randomized,Single,OTHER,TRUE,"University of California, Irvine",NA,NA,NA,NA,"University of California, Irvine",2010,2011,2019
NCT01212172,2016-01-07,2010-09-22,2014-12-04,Interventional,Phase 3,20,Completed,"Comparison of Efficacy, Safety and Tolerability of Two Different 810 nm Diode Lasers for Hair Reduction",2010-09-01T00:00:00Z,2013-09-01T00:00:00Z,2013-09-01T00:00:00Z,TRUE,Randomized,Double,OTHER,FALSE,"University of California, Irvine","University of California, Irvine",NA,NA,NA,"University of California, Irvine",2010,2010,2013
NCT01215721,2013-12-04,2010-10-05,2013-12-04,Interventional,Not Applicable,40,Completed,Study to Determine Effects of Vesicare on Return to Continence Post - Radical Prostatectomy (Part II),2010-10-01T00:00:00Z,2013-05-01T00:00:00Z,2013-05-01T00:00:00Z,TRUE,NA,None (Open Label),OTHER,FALSE,"University of California, Irvine","University of California, Irvine",NA,NA,NA,"University of California, Irvine",2010,2010,2013
NCT01239030,2013-01-22,2010-11-03,NA,Interventional,Phase 3,236,Completed,Efficacy and Safety of Methylphenidate HCl ER Capsules in Children and Adolescents With ADHD,2010-11-01T00:00:00Z,2012-03-01T00:00:00Z,2012-02-01T00:00:00Z,FALSE,Randomized,Quadruple,INDUSTRY,TRUE,NA,"University of California, Irvine / Child Development Center",NA,NA,NA,NA,2010,2010,2012
NCT01244243,2016-08-16,2010-11-03,2014-12-12,Interventional,Phase 2,41,Completed,Robot-Assisted Hand Motor Therapy for Subjects With Hemiparetic Stroke,2009-01-01T00:00:00Z,2012-12-01T00:00:00Z,2012-12-01T00:00:00Z,TRUE,NA,None (Open Label),OTHER,FALSE,"University of California, Irvine",NA,NA,NA,NA,"University of California, Irvine",2010,2009,2012
NCT01269463,2013-01-22,2010-12-31,NA,Interventional,Phase 3,27,Completed,Time Course of Response to Methylphenidate HCl ER Capsules in Children 6 to 12 Years With ADHD in Classroom Setting,2010-12-01T00:00:00Z,2012-02-01T00:00:00Z,2011-06-01T00:00:00Z,FALSE,Randomized,Quadruple,INDUSTRY,FALSE,NA,"University of California, Irvine / Child Development Center",NA,NA,NA,NA,2010,2010,2012
NCT01297959,2021-01-21,2011-02-11,2020-12-22,Interventional,Phase 3,503,Completed,Study to Evaluate Efficacy and Safety of E-101 Solution for Preventing Surgical Site Infections After Colorectal Surgery,2013-01-10T00:00:00Z,2015-10-14T00:00:00Z,2015-10-14T00:00:00Z,TRUE,Randomized,Double,INDUSTRY,TRUE,NA,"University of California, Irvine",NA,NA,NA,NA,2011,2013,2015
NCT01313923,2017-05-08,2011-03-10,2014-12-17,Interventional,Early Phase 1,3,Terminated,Evaluating Sirolimus to Treat Autoimmune Blistering Dermatosis Pemphigus,2011-02-01T00:00:00Z,2014-10-01T00:00:00Z,2014-10-01T00:00:00Z,TRUE,NA,None (Open Label),OTHER,FALSE,"University of California, Irvine","University of California, Irvine",NA,NA,NA,"University of California, Irvine",2011,2011,2014
NCT01321437,2020-12-30,2011-03-21,2020-10-01,Interventional,Phase 2,11,Completed,Study of the Anti-Angiogenesis Agent Axitinib in Patients With Stage III Malignant Melanoma,2011-12-01T00:00:00Z,2016-12-01T00:00:00Z,2016-12-01T00:00:00Z,TRUE,NA,None (Open Label),OTHER,FALSE,"University of California, Irvine",NA,NA,NA,NA,"University of California, Irvine",2011,2011,2016
NCT01335594,2012-04-07,2011-04-11,NA,Interventional,Not Applicable,21,Completed,Evaluation of Swallowing in Patients With Obstructive Sleep Apnea,2010-02-01T00:00:00Z,2011-05-01T00:00:00Z,2010-12-01T00:00:00Z,FALSE,NA,None (Open Label),OTHER,FALSE,Luciana Almeida Moreira da Paz Oliveira,NA,NA,NA,NA,NA,2011,2010,2011
NCT01423266,2016-05-19,2011-08-15,NA,Interventional,Not Applicable,78,Completed,Effects of a High Protein Diet on Clinical Outcomes in Heart Failure,2009-12-01T00:00:00Z,2015-12-01T00:00:00Z,2015-12-01T00:00:00Z,FALSE,Randomized,None (Open Label),OTHER,FALSE,"University of California, Irvine","University of California, Irvine",NA,NA,NA,"University of California, Irvine",2011,2009,2015
NCT01461668,2018-03-29,2011-10-26,2018-01-13,Interventional,Phase 4,53,Completed,Retapamulin for Reducing MRSA Nasal Carriage,2012-07-01T00:00:00Z,2017-12-01T00:00:00Z,2017-12-01T00:00:00Z,TRUE,Randomized,Quadruple,OTHER,FALSE,"University of California, Irvine",NA,NA,NA,NA,"University of California, Irvine",2011,2012,2017
NCT01479478,2018-08-14,2011-11-22,2018-07-18,Interventional,Not Applicable,251,Completed,Effects of Oral Probiotic Supplementation on Group B Strep (GBS) Rectovaginal Colonization in Pregnancy,2011-11-01T00:00:00Z,2017-07-26T00:00:00Z,2017-07-26T00:00:00Z,TRUE,Randomized,Quadruple,OTHER,TRUE,NA,Stanford University School of Medicine/Lucile Packard Children's Hospital,NA,NA,NA,NA,2011,2011,2017
NCT01487122,2011-12-06,2011-12-01,NA,Interventional,Not Applicable,145,Completed,Microwave Diathermy for Treating Nonspecific Chronic Neck Pain,2008-09-01T00:00:00Z,2011-09-01T00:00:00Z,2011-06-01T00:00:00Z,FALSE,Randomized,Triple,OTHER_GOV,TRUE,Health Service of Andalucia,NA,NA,NA,NA,Health Service of Andalucia,2011,2008,2011
NCT01487447,2020-01-29,2011-12-02,NA,Interventional,Not Applicable,31,Completed,Customized Acoustic Stimulation for the Treatment of Tinnitus,2010-01-01T00:00:00Z,2015-01-01T00:00:00Z,2015-01-01T00:00:00Z,FALSE,Randomized,None (Open Label),OTHER,FALSE,"University of California, Irvine",NA,NA,NA,NA,NA,2011,2010,2015
NCT01498393,2017-02-08,2011-12-20,NA,Interventional,Phase 1,10,Completed,1320 nm Nd:YAG Laser for Improving the Appearance of Onychomycosis,2011-12-01T00:00:00Z,2012-12-01T00:00:00Z,2012-12-01T00:00:00Z,FALSE,NA,None (Open Label),OTHER,FALSE,"University of California, Irvine","Beckman Laser Institute, UCI",NA,NA,NA,"University of California, Irvine",2011,2011,2012
NCT01519869,2020-11-17,2012-01-18,2020-11-17,Interventional,Phase 2,28,Completed,"Trial of Chemotherapy in Ovarian, Fallopian Tube and Peritoneal Carcinoma",2012-03-01T00:00:00Z,2019-10-11T00:00:00Z,2019-10-11T00:00:00Z,TRUE,NA,None (Open Label),OTHER,FALSE,NA,Lucille P. Markey Cancer Center at University of Kentucky,NA,NA,NA,NA,2012,2012,2019
NCT01529879,2022-03-24,2012-02-07,NA,Interventional,Not Applicable,49,Completed,Assessment of the Effect of an Implant System With a Novel Abutment Attachment Design on Crestal Bone Preservation,2011-08-01T00:00:00Z,2016-12-01T00:00:00Z,2016-12-01T00:00:00Z,FALSE,Randomized,Single,INDUSTRY,FALSE,NA,Institucion Universitaria Colegios de Colombia,NA,NA,NA,NA,2012,2011,2016
NCT01560377,2018-11-19,2012-03-19,2017-07-28,Interventional,Phase 1,147,Completed,Perfusion Assessment in Laparoscopic Left Anterior Resection,2012-05-01T00:00:00Z,2013-11-01T00:00:00Z,2013-10-01T00:00:00Z,TRUE,NA,None (Open Label),INDUSTRY,TRUE,NA,"University of California, Irvine",NA,NA,NA,NA,2012,2012,2013
NCT01564485,2021-06-07,2012-02-24,2018-01-11,Interventional,Not Applicable,193,Completed,Cardiac CT's Role in Asymptomatic Patients With Diabetes and Metabolic Syndrome,2008-07-01T00:00:00Z,2016-12-01T00:00:00Z,2016-12-01T00:00:00Z,TRUE,Randomized,None (Open Label),OTHER,FALSE,"University of California, Irvine","University of California, Irvine",NA,NA,NA,"University of California, Irvine",2012,2008,2016
NCT01601301,2018-01-31,2012-05-14,NA,Interventional,Not Applicable,32,Unknown status,Post-Market Study of the Ellipse PRECICE Intramedullary Limb Lengthening System,2012-07-01T00:00:00Z,2018-06-01T00:00:00Z,2018-06-01T00:00:00Z,FALSE,NA,None (Open Label),INDUSTRY,TRUE,NA,"University of California, Irvine",NA,NA,NA,NA,2012,2012,2018
NCT01602536,2015-12-04,2012-05-17,NA,Interventional,Not Applicable,280,Completed,Twitter-enabled Mobile Messaging for Smoking Relapse Prevention,2012-01-01T00:00:00Z,2014-06-01T00:00:00Z,2014-06-01T00:00:00Z,FALSE,Randomized,None (Open Label),OTHER,TRUE,"University of California, Irvine","University of California, Irvine",NA,NA,NA,"University of California, Irvine",2012,2012,2014
NCT01605292,2015-02-25,2012-01-26,2014-12-29,Interventional,Not Applicable,698,Completed,Radial Artery Access With Ultrasound Trial,2011-12-01T00:00:00Z,2013-03-01T00:00:00Z,2013-03-01T00:00:00Z,TRUE,Randomized,None (Open Label),OTHER,TRUE,"University of California, Irvine","University of California, Irvine and Long Beach VA Medical Center",NA,NA,NA,"University of California, Irvine",2012,2011,2013
NCT01621737,2019-11-15,2012-06-03,2019-08-30,Interventional,Not Applicable,42,Terminated,Antipsychotic Effects of Oxytocin,2011-06-01T00:00:00Z,2018-12-01T00:00:00Z,2018-12-01T00:00:00Z,TRUE,Randomized,Triple,OTHER,TRUE,NA,UCI,NA,NA,NA,NA,2012,2011,2018
NCT01684657,2014-05-19,2012-07-24,NA,Interventional,Phase 3,32,Suspended,"A Randomized, Placebo-Controlled Study to Evaluate the Efficacy and Tolerability of Asenapine With Flexible Dosing From 5mg to 20mg in Adults With Developmental Stuttering",2012-09-01T00:00:00Z,2014-05-01T00:00:00Z,2014-05-01T00:00:00Z,FALSE,Randomized,Double,OTHER,FALSE,"University of California, Irvine",UCIMC,NA,NA,NA,"University of California, Irvine",2012,2012,2014
NCT01699581,2016-10-17,2012-09-27,NA,Interventional,Phase 2,35,Terminated,Assessment of Impact Nutritional Program During Autologous Stem Cell Transplant,2012-09-01T00:00:00Z,2015-10-01T00:00:00Z,2014-06-01T00:00:00Z,FALSE,NA,None (Open Label),OTHER,FALSE,NA,Lucille P. Markey Cancer Center at University of Kentucky,NA,NA,NA,NA,2012,2012,2015
NCT01729273,2014-10-02,2012-11-13,NA,Interventional,Not Applicable,20,Completed,Vascular Health and Exercise Performance of Overweight Children,2012-07-01T00:00:00Z,2014-03-01T00:00:00Z,2014-03-01T00:00:00Z,FALSE,NA,None (Open Label),OTHER,FALSE,NA,Lucile Packard Children's Hospital - Pediatric Cardiology,Lucile Packard Children's Hospital - Pediatric Cardiology,Lucile Packard Children's Hospital - Pediatric Cardiology,NA,NA,2012,2012,2014
NCT01736020,2016-10-12,2012-11-16,NA,Interventional,Phase 1,293,Unknown status,Developing Anesthesia as Post Traumatic Stress Disorder (PTSD) Therapy,2009-09-01T00:00:00Z,2017-04-01T00:00:00Z,2017-04-01T00:00:00Z,FALSE,Non-Randomized,Single,OTHER,FALSE,NA,"University of California, Irvine and Long Beach VA Medical Center",NA,NA,NA,NA,2012,2009,2017
NCT01736072,2021-04-23,2012-11-15,NA,Interventional,Not Applicable,471,Completed,RObotic Versus LAparoscopic Resection for Rectal Cancer,2011-12-01T00:00:00Z,2018-04-30T00:00:00Z,2018-01-30T00:00:00Z,FALSE,Randomized,None (Open Label),OTHER,TRUE,"University of California, Irvine","University of California, Irvine",NA,NA,NA,NA,2012,2011,2018
NCT01759862,2019-02-11,2012-12-30,2019-02-11,Interventional,Not Applicable,50,Completed,Perioperative Aminophylline to Improve Early Kidney Function After a Kidney Transplant,2012-11-01T00:00:00Z,2017-07-25T00:00:00Z,2017-01-05T00:00:00Z,TRUE,Randomized,Triple,OTHER,FALSE,NA,NA,"Medical director, Pediatric Kidney Transplant Program Department of Pediatric Nephrology , Lucile Packard Children's hospital",NA,NA,NA,2012,2012,2017
NCT01769326,2017-06-05,2012-11-16,2017-02-15,Interventional,Not Applicable,40,Completed,Influence of Timing on Motor Learning,2012-09-01T00:00:00Z,2016-12-01T00:00:00Z,2016-12-01T00:00:00Z,TRUE,Randomized,Single,OTHER,FALSE,"University of California, Irvine","University of California, Irvine",NA,NA,NA,"University of California, Irvine",2012,2012,2016
NCT01775722,2018-03-09,2013-01-14,2015-08-27,Interventional,Not Applicable,22,Completed,Combined Bipolar Radiofrequency&Pulsed Dye Laser Treatment,2012-12-01T00:00:00Z,2015-08-01T00:00:00Z,2015-08-01T00:00:00Z,TRUE,Non-Randomized,None (Open Label),OTHER,FALSE,"University of California, Irvine","Beckman Laser Institute, UCI",NA,NA,NA,"University of California, Irvine",2013,2012,2015
NCT01780636,2021-10-05,2013-01-25,2018-02-05,Interventional,Phase 2/Phase 3,7,Terminated,Ultrasound and EMG Guided Botox Injection for the Treatment of Non-Relaxing Puborectalis Syndrome,2013-01-01T00:00:00Z,2014-07-01T00:00:00Z,2014-01-01T00:00:00Z,TRUE,NA,None (Open Label),OTHER,FALSE,NA,"University of California, Irvine",NA,NA,NA,"University of California, Irvine",2013,2013,2014
NCT01841619,2015-07-14,2013-04-21,2014-12-08,Interventional,Early Phase 1,16,Completed,IVIg Efficacy Study to Treat Cutaneous Lupus Erythematosus,2013-03-01T00:00:00Z,2014-11-01T00:00:00Z,2014-11-01T00:00:00Z,TRUE,NA,None (Open Label),OTHER,TRUE,"University of California, Irvine","University of California, Irvine",NA,NA,NA,"University of California, Irvine",2013,2013,2014
NCT01876602,2018-05-14,2013-06-10,NA,Interventional,Not Applicable,140,Completed,Test of an Intervention to Increase Physical Activity Among School Children,2011-04-01T00:00:00Z,2017-03-01T00:00:00Z,2017-03-01T00:00:00Z,FALSE,Randomized,Double,OTHER,FALSE,"University of California, Irvine","University of California, Irvine",NA,NA,NA,"University of California, Irvine",2013,2011,2017
NCT01878747,2019-02-21,2013-02-08,NA,Interventional,Not Applicable,1471,Completed,Healthcare Provider Behavior and Children's Perioperative Distress,2011-06-01T00:00:00Z,2016-06-01T00:00:00Z,2016-06-01T00:00:00Z,FALSE,Randomized,None (Open Label),OTHER,TRUE,"University of California, Irvine",NA,NA,NA,NA,"University of California, Irvine",2013,2011,2016
NCT01882985,2020-12-30,2013-06-18,2018-03-02,Interventional,Phase 2,14,Completed,"Docetaxel Plus Lycopene in Castration Resistant, Chemotherapy-Naïve Prostate Cancer Patients",2010-12-01T00:00:00Z,2016-10-01T00:00:00Z,2016-10-01T00:00:00Z,TRUE,NA,None (Open Label),OTHER,FALSE,"University of California, Irvine","University of California, Irvine",NA,NA,NA,"University of California, Irvine",2013,2010,2016
NCT01883752,2016-02-09,2012-03-07,NA,Interventional,Not Applicable,334,Completed,Goal Directed Fluid Management Based on Non-invasive Monitoring,2011-07-01T00:00:00Z,2013-10-01T00:00:00Z,2013-10-01T00:00:00Z,FALSE,Randomized,Single,OTHER,FALSE,"University of California, Irvine",NA,NA,NA,NA,"University of California, Irvine",2012,2011,2013
NCT01917968,2021-04-29,2013-07-18,2021-02-12,Interventional,Not Applicable,289,Completed,Uphold LITE Post-Market Surveillance Study,2013-10-10T00:00:00Z,2020-02-12T00:00:00Z,2020-02-12T00:00:00Z,TRUE,Non-Randomized,None (Open Label),INDUSTRY,TRUE,NA,"University of California, Irvine",NA,NA,NA,NA,2013,2013,2020
NCT01924273,2019-02-21,2013-07-17,NA,Interventional,Phase 1,7,Completed,Novel Treatment for Port Wine Stain Birthmarks,2013-06-01T00:00:00Z,2017-07-03T00:00:00Z,2017-07-03T00:00:00Z,FALSE,NA,None (Open Label),OTHER,FALSE,"University of California, Irvine",NA,NA,NA,NA,"University of California, Irvine",2013,2013,2017
NCT01941316,2017-11-03,2013-08-19,NA,Interventional,Phase 1/Phase 2,112,Unknown status,Study of Carfilzomib With Irinotecan in Irinotecan-Sensitive Malignancies and Small Cell Lung Cancer Patients,2013-11-01T00:00:00Z,2018-12-01T00:00:00Z,2018-12-01T00:00:00Z,FALSE,NA,None (Open Label),NETWORK,TRUE,NA,Lucille P. Markey Cancer Center at University of Kentucky,NA,NA,NA,NA,2013,2013,2018
NCT02006485,2019-11-04,2013-12-05,NA,Interventional,Phase 1,160,Completed,Ublituximab in Combination With TGR-1202 +/- Ibrutinib or Bendamustine in Patients With B-cell Malignancies,2013-12-13T00:00:00Z,2019-10-01T00:00:00Z,2019-10-01T00:00:00Z,FALSE,Non-Randomized,None (Open Label),INDUSTRY,TRUE,NA,NA,NA,University of California Irvine Cancer Center,NA,NA,2013,2013,2019
NCT02020863,2016-04-20,2013-12-19,2016-03-08,Interventional,Not Applicable,40,Completed,Closed-Loop Fluid Administration System Using Hemodynamic Monitors,2012-11-01T00:00:00Z,2014-05-01T00:00:00Z,2014-05-01T00:00:00Z,TRUE,NA,None (Open Label),OTHER,FALSE,"University of California, Irvine","University of California, Irvine",NA,NA,NA,"University of California, Irvine",2013,2012,2014
NCT02034058,2019-11-27,2014-01-09,2019-10-10,Interventional,Not Applicable,152,Completed,Post Market Surveillance Study of the Wingspan Stent System,2013-12-01T00:00:00Z,2019-08-01T00:00:00Z,2019-08-01T00:00:00Z,TRUE,NA,None (Open Label),INDUSTRY,TRUE,NA,"University of California, Irvine",NA,NA,NA,NA,2014,2013,2019
NCT02034071,2016-08-30,2014-01-08,NA,Interventional,Phase 1/Phase 2,13,Completed,Clinical Study of Diazoxide Choline Controlled-Release Tablet (DCCR) in Patients With Prader-Willi Syndrome,2014-04-01T00:00:00Z,2015-05-01T00:00:00Z,2015-05-01T00:00:00Z,FALSE,Randomized,Quadruple,INDUSTRY,FALSE,NA,"University of California, Irvine",NA,NA,NA,NA,2014,2014,2015
NCT02048826,2021-03-23,2014-01-27,2016-10-25,Interventional,Not Applicable,31,Completed,FINGER Robot Therapy Study,2013-11-01T00:00:00Z,2016-02-01T00:00:00Z,2015-05-01T00:00:00Z,TRUE,Randomized,Double,OTHER,FALSE,"University of California, Irvine","University of California, Irvine",NA,NA,NA,"University of California, Irvine",2014,2013,2016
NCT02049944,2021-01-12,2014-01-24,2020-09-01,Interventional,Phase 4,30,Completed,Increased Cefazolin During Cesarean Delivery in Obese Population,2013-08-01T00:00:00Z,2014-12-01T00:00:00Z,2014-09-01T00:00:00Z,TRUE,NA,None (Open Label),OTHER,TRUE,NA,"University of California, Irvine",NA,NA,NA,NA,2014,2013,2014
NCT02051101,2021-04-01,2013-11-06,NA,Interventional,Not Applicable,19,Completed,Pathogenic Mechanisms of Port Wine Stain and Repository of Port Wine Stain Biopsy Samples,2013-04-23T00:00:00Z,2019-01-11T00:00:00Z,2019-01-11T00:00:00Z,FALSE,NA,None (Open Label),OTHER,FALSE,"University of California, Irvine",NA,"Beckman Laser Institute, UCI",NA,NA,"University of California, Irvine",2013,2013,2019
NCT02063867,2019-06-14,2014-02-12,2019-04-29,Interventional,Not Applicable,53,Completed,Active Bathing to Eliminate Infection (ABATE Infection) Trial,2014-04-01T00:00:00Z,2019-02-01T00:00:00Z,2019-02-01T00:00:00Z,TRUE,Randomized,None (Open Label),OTHER,TRUE,"University of California, Irvine","University of California, Irvine","University of California, Irvine",NA,NA,"University of California, Irvine",2014,2014,2019
NCT02070237,2015-10-22,2014-02-20,2015-09-23,Interventional,Phase 1,90,Completed,Comparing Anti-XA Levels in Post-Cesarean Patients Undergoing Enoxaparin Thromboprophylaxis,2013-08-01T00:00:00Z,2014-03-01T00:00:00Z,2014-03-01T00:00:00Z,TRUE,Randomized,None (Open Label),OTHER,FALSE,NA,Memorial Health Care System; University of California Irvine,NA,NA,NA,NA,2014,2013,2014
NCT02075658,2018-01-16,2013-11-01,2017-05-23,Interventional,Not Applicable,60,Completed,"A Comparative Study Between AirSeal, an Integrated Insufflation System, and Conventional Insufflation",2003-01-01T00:00:00Z,2014-09-01T00:00:00Z,2014-03-01T00:00:00Z,TRUE,Randomized,Single,OTHER,FALSE,"University of California, Irvine","University of California, Irvine",NA,NA,NA,"University of California, Irvine",2013,2003,2014
NCT02078895,2018-08-21,2014-02-26,NA,Interventional,Phase 3,15,Terminated,Randomization of Botox for Stent Pain and Irritative Voiding Symptoms,2014-02-01T00:00:00Z,2017-02-01T00:00:00Z,2017-02-01T00:00:00Z,FALSE,Randomized,Single,OTHER,FALSE,"University of California, Irvine","University of California, Irvine Department of Urology",NA,NA,NA,"University of California, Irvine",2014,2014,2017
NCT02086123,2021-04-23,2013-11-20,NA,Interventional,Not Applicable,87,Completed,Randomized Study Comparing the Use of Epidural Analgesia to Intravenous Narcotics for Laparoscopic Colorectal Resection.,2012-05-01T00:00:00Z,2015-04-01T00:00:00Z,2015-03-01T00:00:00Z,FALSE,Randomized,None (Open Label),OTHER,FALSE,"University of California, Irvine","University of California, Irvine",NA,NA,NA,NA,2013,2012,2015
NCT02093039,2014-03-19,2014-03-19,NA,Interventional,Not Applicable,16000,Completed,Informed Decision Users of the Health System and Participation in Organized Screening for Breast Cancer,2009-05-01T00:00:00Z,2010-06-01T00:00:00Z,2010-06-01T00:00:00Z,FALSE,Randomized,None (Open Label),OTHER,FALSE,NA,Institut de Cancérologie Lucien Neuwirth,NA,NA,NA,NA,2014,2009,2010
NCT02123264,2019-02-21,2014-04-23,NA,Interventional,Phase 3,28,Terminated,Zoledronic Acid in Rheumatoid Arthritis,2014-05-01T00:00:00Z,2018-06-01T00:00:00Z,2018-06-01T00:00:00Z,FALSE,Randomized,Single,OTHER,TRUE,NA,NA,UCICEC-Hospital Universitari de Bellvitge,NA,NA,NA,2014,2014,2018
NCT02136082,2018-10-04,2014-05-08,NA,Interventional,Not Applicable,600,Completed,Asha Improving Health and Nutrition of Indian Women With AIDS and Their Children,2013-08-01T00:00:00Z,2018-06-01T00:00:00Z,2018-06-01T00:00:00Z,FALSE,Randomized,None (Open Label),OTHER,FALSE,NA,UCI Sue & Bill Gross School of Nursing,NA,NA,NA,"University of California, Irvine",2014,2013,2018
NCT02199171,2020-01-29,2014-07-16,NA,Interventional,Phase 1,30,Completed,"Heated Carboplatin in Treating Patients With Stage II-IV Ovarian, Fallopian Tube, or Peritoneal Cancer",2014-07-01T00:00:00Z,2017-10-01T00:00:00Z,2017-10-01T00:00:00Z,FALSE,NA,None (Open Label),OTHER,FALSE,"University of California, Irvine","University of California, Irvine",NA,NA,NA,"University of California, Irvine",2014,2014,2017
NCT02203617,2017-04-13,2014-07-18,NA,Interventional,Not Applicable,198,Completed,Using Baby Books to Promote Maternal and Child Health,2005-04-01T00:00:00Z,2010-07-01T00:00:00Z,2009-06-01T00:00:00Z,FALSE,Randomized,Double,OTHER,TRUE,NA,NA,"University of California, Irvine",NA,NA,NA,2014,2005,2010
NCT02205307,2020-06-22,2014-07-29,2020-05-11,Interventional,Not Applicable,347,Terminated,A Study Assessing Perfusion Outcomes With PINPOINT® Near Infrared Fluorescence Imaging in Low Anterior Resection,2015-01-01T00:00:00Z,2017-05-01T00:00:00Z,2017-05-01T00:00:00Z,TRUE,Randomized,None (Open Label),INDUSTRY,TRUE,NA,"University of California, Irvine",NA,NA,NA,NA,2014,2015,2017
NCT02232243,2021-06-03,2014-09-02,2019-05-21,Interventional,Phase 1,10,Completed,HCQ on PAR-4 Levels in Patients With Resectable Solid Tumors,2015-07-01T00:00:00Z,2018-12-01T00:00:00Z,2018-01-01T00:00:00Z,TRUE,Non-Randomized,None (Open Label),OTHER,FALSE,NA,Lucille P. Markey Cancer Center at University of Kentucky,NA,NA,NA,NA,2014,2015,2018
NCT02250898,2018-05-14,2014-09-24,NA,Interventional,Not Applicable,21,Completed,Massage for Post Breast Surgery,2014-09-01T00:00:00Z,2015-06-01T00:00:00Z,2015-06-01T00:00:00Z,FALSE,Randomized,Single,OTHER,FALSE,NA,Ctr for Reducing Health Disparities,NA,NA,NA,NA,2014,2014,2015
NCT02258425,2017-06-16,2014-10-02,NA,Interventional,Not Applicable,130,Completed,Homeless Female Offenders Returning to the Community,2015-01-01T00:00:00Z,2016-11-01T00:00:00Z,2016-11-01T00:00:00Z,FALSE,Randomized,None (Open Label),OTHER,FALSE,NA,UCLA/UCI,NA,NA,NA,NA,2014,2015,2016
NCT02259699,2019-03-08,2014-05-15,2017-02-21,Interventional,Not Applicable,124,Completed,Ovarian Cancer Patient-Centered Decision Aid,2014-12-01T00:00:00Z,2016-12-31T00:00:00Z,2016-12-31T00:00:00Z,TRUE,Randomized,None (Open Label),OTHER,FALSE,"University of California, Irvine","University of California, Irvine",NA,NA,NA,"University of California, Irvine",2014,2014,2016
NCT02279290,2021-06-09,2014-10-22,NA,Interventional,Not Applicable,58,Completed,Using CBT to Probe Psychobiobehavioral Resilience to Post-trauma Psychopathology,2015-07-13T00:00:00Z,2019-04-26T00:00:00Z,2018-11-14T00:00:00Z,FALSE,Randomized,None (Open Label),OTHER,FALSE,NA,NA,NA,NA,NA,"University of California, Irvine",2014,2015,2019
NCT02307552,2017-06-26,2014-08-28,2016-12-14,Interventional,Not Applicable,1,Terminated,Transurethral Ultrasonic Imaging For Detection and Classification of Prostate Cancer,2013-06-01T00:00:00Z,2014-05-01T00:00:00Z,2014-04-01T00:00:00Z,TRUE,NA,None (Open Label),OTHER,FALSE,"University of California, Irvine","University of California, Irvine",NA,NA,NA,"University of California, Irvine",2014,2013,2014
NCT02312648,2018-06-05,2014-11-08,NA,Interventional,Not Applicable,52,Completed,Impact of Mobilization on Cardiac Surgery,2015-01-01T00:00:00Z,2016-11-01T00:00:00Z,2016-06-01T00:00:00Z,FALSE,Randomized,Single,OTHER,TRUE,Luciana Chiavegato,NA,NA,NA,NA,NA,2014,2015,2016
NCT02320812,2019-03-04,2014-12-16,2018-08-07,Interventional,Phase 1/Phase 2,28,Completed,"Safety of a Single, Intravitreal Injection of Human Retinal Progenitor Cells (jCell) in Retinitis Pigmentosa",2015-06-01T00:00:00Z,2017-07-19T00:00:00Z,2017-07-19T00:00:00Z,TRUE,NA,None (Open Label),INDUSTRY,TRUE,NA,"Gavin Herbert Eye Institute, UCI, Irvine, CA",NA,NA,NA,NA,2014,2015,2017
NCT02324036,2015-11-30,2014-12-16,NA,Interventional,Early Phase 1,190,Completed,The EMPATHy Toolkit: Helping Diabetes Patients Overcome Barriers to Medication Adherence,2014-12-01T00:00:00Z,2015-08-01T00:00:00Z,2015-06-01T00:00:00Z,FALSE,Randomized,None (Open Label),OTHER,FALSE,"University of California, Irvine",NA,NA,NA,NA,"University of California, Irvine",2014,2014,2015
NCT02360488,2020-02-17,2015-02-05,2020-01-30,Interventional,Phase 1,124,Completed,Telerehabilitation in the Home Versus Therapy In-Clinic for Patients With Stroke,2015-09-01T00:00:00Z,2018-04-01T00:00:00Z,2018-04-01T00:00:00Z,TRUE,Randomized,Single,OTHER,TRUE,"University of California, Irvine","University of California, Irvine",NA,NA,NA,"University of California, Irvine",2015,2015,2018
NCT02369757,2016-02-26,2014-12-05,NA,Interventional,Not Applicable,40774,Completed,Patients Navigator for Organized Colorectal Cancer Screening,2012-10-01T00:00:00Z,2015-05-01T00:00:00Z,2015-05-01T00:00:00Z,FALSE,Randomized,None (Open Label),OTHER,FALSE,NA,NA,NA,Institut de Cancérologie Lucien Neuwirth,NA,NA,2014,2012,2015
NCT02392832,2021-03-24,2015-02-03,NA,Interventional,Not Applicable,240000,Completed,Evaluation of Long-Lasting Microbial Larvicides in Reducing Malaria Transmission and Clinical Malaria Incidence,2015-04-01T00:00:00Z,2019-09-01T00:00:00Z,2019-09-01T00:00:00Z,FALSE,Randomized,Single,OTHER,FALSE,"University of California, Irvine",NA,NA,NA,NA,NA,2015,2015,2019
NCT02409108,2019-04-10,2015-03-17,NA,Interventional,Not Applicable,4,Completed,Perfusion-Induced Hyperthermia for Metastatic Carcinoma,2015-07-01T00:00:00Z,2019-02-16T00:00:00Z,2018-04-01T00:00:00Z,FALSE,NA,None (Open Label),OTHER,FALSE,NA,Lucille P. Markey Cancer Center at University of Kentucky,NA,NA,NA,NA,2015,2015,2019
NCT02410629,2021-06-10,2015-04-02,2018-01-09,Interventional,Not Applicable,17,Completed,To Determine the Therapeutic Effect of the Music Glove and Conventional Hand Exercises to Subacute Stroke Patients,2015-03-01T00:00:00Z,2016-07-01T00:00:00Z,2016-07-01T00:00:00Z,TRUE,Randomized,Single,OTHER,FALSE,"University of California, Irvine","University of California, Irvine",NA,NA,NA,NA,2015,2015,2016
NCT02410980,2017-03-03,2015-03-23,NA,Interventional,Early Phase 1,15,Completed,Assessing the Effects of Tretinoin Cream on Human Skin With Optical Imaging Technologies,2015-08-01T00:00:00Z,2016-12-01T00:00:00Z,2016-12-01T00:00:00Z,FALSE,NA,None (Open Label),OTHER,FALSE,"University of California, Irvine","Beckman Laser Institute, UCI",NA,NA,NA,"University of California, Irvine",2015,2015,2016
NCT02438891,2022-03-24,2015-05-06,NA,Interventional,Not Applicable,92,Completed,Treatment of Tinnitus Using a Web-based Sound and Cognitive Behavioral Therapy,2019-07-14T00:00:00Z,2020-12-16T00:00:00Z,2020-12-16T00:00:00Z,FALSE,NA,None (Open Label),OTHER,FALSE,"University of California, Irvine","University of California, Irvine",NA,NA,NA,"University of California, Irvine",2015,2019,2020
NCT02453113,2020-08-27,2015-04-22,2020-04-17,Interventional,Not Applicable,10,Completed,"Immune-Related Trafficking and Signaling in Human Skin Associated With Low-Power, Infrared Laser Treatment",2015-06-01T00:00:00Z,2019-01-01T00:00:00Z,2019-01-01T00:00:00Z,TRUE,NA,None (Open Label),OTHER,TRUE,"University of California, Irvine",NA,NA,NA,NA,"University of California, Irvine",2015,2015,2019
NCT02473614,2021-06-04,2015-06-12,2016-10-28,Interventional,Not Applicable,11,Completed,Efficacy Study of the Music Glove Patients With Spinal Cord Injuries,2015-03-01T00:00:00Z,2016-06-01T00:00:00Z,2016-06-01T00:00:00Z,TRUE,Randomized,Single,OTHER,FALSE,"University of California, Irvine","University of California, Irvine",NA,NA,NA,"University of California, Irvine",2015,2015,2016
NCT02550561,2018-03-19,2015-09-03,NA,Interventional,Not Applicable,13,Completed,Pilot Study of Percutaneous Posterior Tibial Nerve Stimulation for the Treatment of IC/PBS,2015-06-01T00:00:00Z,2018-03-01T00:00:00Z,2017-12-01T00:00:00Z,FALSE,NA,None (Open Label),OTHER,FALSE,"University of California, Irvine","University of California, Irvine",NA,NA,NA,"University of California, Irvine",2015,2015,2018
NCT02571517,2015-10-07,2015-09-29,NA,Interventional,Phase 4,94,Completed,Glucocorticoid Therapy Impact on the Inflammatory Response and Clinical Evolution in Patients With Severe Bronchiolitis,2011-11-01T00:00:00Z,2013-12-01T00:00:00Z,2013-12-01T00:00:00Z,FALSE,Randomized,Triple,OTHER,TRUE,NA,UCIP H Sant Joan de Déu,NA,NA,NA,NA,2015,2011,2013
NCT02635607,2015-12-16,2015-12-11,NA,Interventional,Not Applicable,200,Unknown status,Effectiveness and Safety Study of Fixed Versus Flexible of Gonadotropin-releasing Hormone Antagonist Protocol,2016-01-01T00:00:00Z,2017-03-01T00:00:00Z,2016-12-01T00:00:00Z,FALSE,Randomized,None (Open Label),OTHER,TRUE,Chong Qing Reproducive and Genetic Institute,NA,NA,NA,NA,NA,2015,2016,2017
NCT02641405,2021-01-09,2015-12-03,NA,Interventional,Not Applicable,126,Completed,Efficacy of Proprioceptive Focal Stimulation (EQUISTASI) on Gait Parameters in Parkinson. Italian Multicentric Study,2015-11-01T00:00:00Z,2019-01-01T00:00:00Z,2019-01-01T00:00:00Z,FALSE,Randomized,Quadruple,OTHER,TRUE,I.R.C.C.S. Fondazione Santa Lucia,NA,NA,NA,NA,I.R.C.C.S. Fondazione Santa Lucia,2015,2015,2019
NCT02654886,2019-09-24,2015-12-10,NA,Interventional,Not Applicable,10,Completed,Safety and Effectiveness of Resistance Exercise Training in Patients With Pompe Disease.,2015-10-01T00:00:00Z,2019-09-24T00:00:00Z,2018-08-06T00:00:00Z,FALSE,NA,None (Open Label),OTHER,FALSE,"University of California, Irvine","University of California, Irvine",NA,NA,NA,"University of California, Irvine",2015,2015,2019
NCT02655146,2016-01-12,2016-01-12,NA,Interventional,Phase 4,700,Unknown status,the Effects of GnRHa Add up to Routine Luteal Phase Support on Frozen Embryo Implantation in Frozen Embryo Transfer .,2015-12-01T00:00:00Z,2017-03-01T00:00:00Z,2016-12-01T00:00:00Z,FALSE,Randomized,None (Open Label),OTHER,FALSE,Chong Qing Reproducive and Genetic Institute,NA,NA,NA,NA,NA,2016,2015,2017
NCT02682498,2017-07-05,2016-02-03,2016-10-31,Interventional,Phase 4,38,Completed,Comparing Post-Op Narcotic Usage in Patients Receiving Periarticular Exparel vs. Standard Periarticular Joint Inj,2013-10-01T00:00:00Z,2015-08-01T00:00:00Z,2015-07-01T00:00:00Z,TRUE,Randomized,Double,OTHER,FALSE,"University of California, Irvine","University of California, Irvine",NA,NA,NA,"University of California, Irvine",2016,2013,2015
NCT02696408,2020-01-28,2016-02-25,NA,Interventional,Phase 3,234,Completed,Efficacy of Prophylactic Low Level Laser Therapy (LLLT) Performed by Nurses for Decreasing Severity of Oral Mucositis During Hematopoietic Stem Cell (HSC) Transplantation,2016-06-27T00:00:00Z,2019-12-09T00:00:00Z,2019-11-07T00:00:00Z,FALSE,Randomized,Triple,OTHER,TRUE,NA,Institut de Cancérologie Lucien Neuwirth,NA,NA,NA,NA,2016,2016,2019
NCT02738320,2016-04-08,2016-04-05,NA,Interventional,Not Applicable,225,Completed,Patient Centered Quality Reporting,2014-03-01T00:00:00Z,2015-11-01T00:00:00Z,2015-09-01T00:00:00Z,FALSE,Randomized,Single,OTHER,FALSE,"University of California, Irvine",NA,NA,NA,NA,"University of California, Irvine",2016,2014,2015
NCT02768961,2017-05-17,2016-05-02,NA,Interventional,Phase 4,64,Completed,"Program of Screening, Prevention and Elimination of Hepatitis C in Penitentiary Institutions in Cantabria (JAILFREE-C)",2016-05-10T00:00:00Z,2017-05-10T00:00:00Z,2017-05-10T00:00:00Z,FALSE,NA,None (Open Label),OTHER,FALSE,NA,Ministerio del Interior. Secretaría General de Instituciones Penitenciarias,NA,NA,NA,NA,2016,2016,2017
NCT02830893,2020-07-07,2016-07-05,2020-06-18,Interventional,Not Applicable,23,Completed,Efficacy Study of the LARA Wheelchair System for Subacute Stroke Patients,2017-02-15T00:00:00Z,2019-01-10T00:00:00Z,2019-01-10T00:00:00Z,TRUE,Randomized,Single,OTHER,FALSE,"University of California, Irvine","University of California, Irvine",NA,NA,NA,"University of California, Irvine",2016,2017,2019
NCT02994914,2022-02-04,2016-09-21,NA,Interventional,Not Applicable,241,Terminated,GEriatric Determinants of Curative RAdiotherapy Scheme Choice for Breast Cancer ELderly Patient Treatment Compliance and Tolerance,2016-12-05T00:00:00Z,2020-06-26T00:00:00Z,2020-06-26T00:00:00Z,FALSE,Non-Randomized,None (Open Label),OTHER,TRUE,NA,Institut de Cancérologie Lucien Neuwirth,NA,NA,NA,NA,2016,2016,2020
NCT02999152,2022-02-04,2016-09-21,NA,Interventional,Not Applicable,16,Terminated,Validation of Radio-induced Damage Biomarkers,2017-06-22T00:00:00Z,2020-06-15T00:00:00Z,2020-06-15T00:00:00Z,FALSE,Non-Randomized,None (Open Label),OTHER,TRUE,NA,Institut de Cancérologie Lucien Neuwirth,NA,NA,NA,NA,2016,2017,2020
NCT03000751,2020-03-23,2016-12-12,NA,Interventional,Not Applicable,1200000,Unknown status,CT DOSE Collaboratory,2016-07-01T00:00:00Z,2020-12-01T00:00:00Z,2020-12-01T00:00:00Z,FALSE,Randomized,None (Open Label),OTHER,TRUE,NA,"University of California, Irvine",NA,NA,NA,NA,2016,2016,2020
NCT03003221,2021-04-09,2016-12-20,NA,Interventional,Not Applicable,119,Completed,Improving Dental Care and Oral Health in Children With Autism Spectrum Disorder,2016-12-01T00:00:00Z,2019-06-01T00:00:00Z,2019-06-01T00:00:00Z,FALSE,Randomized,Single,OTHER,TRUE,"University of California, Irvine",NA,NA,"University of California, Irvine",NA,NA,2016,2016,2019
NCT03009708,2018-05-11,2016-12-30,NA,Interventional,Not Applicable,15,Completed,Feasibility Study of Platelet Activation and Inflammatory Response of Platelets in Hematopoietic Stem Cell Allograft Patients Post-transplant: Spontaneously and After Stimulation by an CMV Antigen,2017-03-21T00:00:00Z,2017-11-06T00:00:00Z,2017-09-12T00:00:00Z,FALSE,NA,None (Open Label),OTHER,FALSE,NA,Institut de Cancérologie Lucien Neuwirth,NA,NA,NA,NA,2016,2017,2017
NCT03026712,2019-11-14,2017-01-12,NA,Interventional,Not Applicable,80,Unknown status,Hemiparetic Arm Robotic Mobilization With Non Invasive Electrical Stimulation,2016-02-01T00:00:00Z,2020-12-01T00:00:00Z,2020-07-01T00:00:00Z,FALSE,Randomized,Quadruple,OTHER,TRUE,I.R.C.C.S. Fondazione Santa Lucia,NA,"I.R.C.C.S. Fondazione Santa Lucia, Roma",NA,NA,I.R.C.C.S. Fondazione Santa Lucia,2017,2016,2020
NCT03050515,2020-06-17,2017-02-03,NA,Interventional,Early Phase 1,12,Completed,Fecal Microbiota Transplantation for the Treatment of Recurrent Urinary Tract Infections,2018-02-05T00:00:00Z,2020-02-23T00:00:00Z,2019-06-30T00:00:00Z,FALSE,NA,None (Open Label),OTHER,FALSE,"University of California, Irvine","University of California, Irvine",NA,NA,NA,"University of California, Irvine",2017,2018,2020
NCT03056781,2018-12-12,2017-01-03,NA,Interventional,Not Applicable,46,Completed,Emotional Response in Psychiatric and Control Participants,2017-02-15T00:00:00Z,2018-08-01T00:00:00Z,2018-08-01T00:00:00Z,FALSE,Non-Randomized,None (Open Label),OTHER,FALSE,"University of California, Irvine",NA,NA,NA,NA,"University of California, Irvine",2017,2017,2018
NCT03073733,2022-03-03,2017-03-02,2021-11-12,Interventional,Phase 2,84,Completed,Safety and Efficacy of Intravitreal Injection of Human Retinal Progenitor Cells in Adults With Retinitis Pigmentosa,2017-03-01T00:00:00Z,2020-11-13T00:00:00Z,2020-11-13T00:00:00Z,TRUE,Randomized,Double,INDUSTRY,TRUE,NA,UCI,NA,NA,NA,NA,2017,2017,2020
NCT03084705,2021-03-24,2017-03-14,NA,Interventional,Not Applicable,17,Completed,Wearable Device for Motivating Hand Use After Stroke,2018-03-07T00:00:00Z,2020-01-13T00:00:00Z,2019-08-19T00:00:00Z,FALSE,Randomized,Single,OTHER,FALSE,"University of California, Irvine","University of California, Irvine",NA,NA,NA,"University of California, Irvine",2017,2018,2020
NCT03129945,2021-10-07,2015-01-05,2021-06-14,Interventional,Not Applicable,36,Completed,Comparison of Nifedipine Versus Indomethacin for Acute Preterm Labor,2017-01-17T00:00:00Z,2019-04-18T00:00:00Z,2019-04-18T00:00:00Z,TRUE,Randomized,None (Open Label),OTHER,TRUE,"University of California, Irvine","University of California, Irvine",NA,NA,NA,"University of California, Irvine",2015,2017,2019
NCT03133507,2017-04-25,2017-04-23,NA,Interventional,Not Applicable,73,Completed,Emotion Regulation and Pain in Children With Cancer,2012-11-14T00:00:00Z,2013-09-26T00:00:00Z,2013-09-26T00:00:00Z,FALSE,Randomized,Double,OTHER,TRUE,"University of California, Irvine",NA,NA,NA,NA,"University of California, Irvine",2017,2012,2013
NCT03151460,2017-05-11,2017-05-09,NA,Interventional,Phase 4,40,Completed,Dopaminergic Modulation of Declarative Memory,2014-09-01T00:00:00Z,2016-04-01T00:00:00Z,2016-04-01T00:00:00Z,FALSE,Randomized,None (Open Label),OTHER,FALSE,I.R.C.C.S. Fondazione Santa Lucia,Fondazione S. Lucia,NA,NA,NA,I.R.C.C.S. Fondazione Santa Lucia,2017,2014,2016
NCT03191929,2019-04-16,2017-06-09,NA,Interventional,Not Applicable,410,Completed,Depression Screening in Primary Care: Using HIT for Patients With Limited English,2011-08-01T00:00:00Z,2015-06-01T00:00:00Z,2015-06-01T00:00:00Z,FALSE,Randomized,Single,OTHER,TRUE,NA,"University of California, Irvine",NA,NA,NA,"University of California, Irvine",2017,2011,2015
NCT03250741,2018-12-14,2017-08-11,NA,Interventional,Phase 2,94,Completed,Effects of Dopaminergic Therapy in Patients With Alzheimer's Disease,2016-06-01T00:00:00Z,2018-11-01T00:00:00Z,2018-11-01T00:00:00Z,FALSE,Randomized,Quadruple,OTHER,FALSE,I.R.C.C.S. Fondazione Santa Lucia,Santa Lucia Foundation IRCCS,NA,NA,NA,I.R.C.C.S. Fondazione Santa Lucia,2017,2016,2018
NCT03327831,2017-12-13,2015-10-23,NA,Interventional,Phase 4,31,Completed,Study of Daylight Photodynamic Therapy With Aminolevulinic Acid for Actinic Keratoses,2015-04-01T00:00:00Z,2017-07-01T00:00:00Z,2017-02-01T00:00:00Z,FALSE,NA,None (Open Label),OTHER,FALSE,"University of California, Irvine","University of California, Irvine",NA,NA,NA,"University of California, Irvine",2015,2015,2017
NCT03331770,2017-11-06,2017-10-25,NA,Interventional,Phase 4,103,Completed,Efficacy and Tolerability of an Innovative Formulation of BAK-free Latanoprost,2017-01-06T00:00:00Z,2017-10-06T00:00:00Z,2017-10-06T00:00:00Z,FALSE,NA,None (Open Label),INDUSTRY,FALSE,NA,NA,Hospital Santa Lucia,NA,NA,NA,2017,2017,2017
NCT03373162,2020-05-15,2017-10-02,2019-02-26,Interventional,Phase 4,10,Completed,Functional Effects of Botox on the Brain Using MRS and fMRI,2017-09-30T00:00:00Z,2018-03-16T00:00:00Z,2018-03-16T00:00:00Z,TRUE,NA,None (Open Label),OTHER,FALSE,"University of California, Irvine","University of California, Irvine",NA,NA,NA,NA,2017,2017,2018
NCT03376581,2019-02-20,2017-12-13,NA,Interventional,Early Phase 1,30,Completed,The Utility of Platelet Rich Plasma in Hair Loss,2017-11-28T00:00:00Z,2019-02-20T00:00:00Z,2019-02-20T00:00:00Z,FALSE,NA,None (Open Label),OTHER,FALSE,"University of California, Irvine",NA,NA,NA,NA,"University of California, Irvine",2017,2017,2019
NCT03381313,2017-12-21,2017-12-18,NA,Interventional,Not Applicable,12,Completed,Classical Conditioning Training for Aphasia. A Telemedicine Approach.,2014-04-01T00:00:00Z,2017-11-01T00:00:00Z,2017-11-01T00:00:00Z,FALSE,NA,None (Open Label),OTHER,TRUE,I.R.C.C.S. Fondazione Santa Lucia,I.C.C.S Fondazione Santa Lucia,NA,NA,NA,I.R.C.C.S. Fondazione Santa Lucia,2017,2014,2017
NCT03434743,2020-09-29,2018-01-29,NA,Interventional,Not Applicable,33,Completed,Non-nutritive Sucking and Breastfeeding in Preterm Infants,2017-07-28T00:00:00Z,2019-06-30T00:00:00Z,2019-06-30T00:00:00Z,FALSE,Randomized,Single,OTHER,FALSE,Dr. Sandra Fucile,NA,NA,NA,NA,NA,2018,2017,2019
NCT03456362,2018-03-05,2018-02-19,NA,Interventional,Not Applicable,40,Completed,Cerebellar rTMS to Improve Gait Recovery,2014-03-01T00:00:00Z,2017-10-01T00:00:00Z,2017-06-01T00:00:00Z,FALSE,Randomized,Single,OTHER,FALSE,I.R.C.C.S. Fondazione Santa Lucia,NA,NA,NA,NA,I.R.C.C.S. Fondazione Santa Lucia,2018,2014,2017
NCT03460587,2020-11-22,2018-02-28,2020-06-11,Interventional,Not Applicable,13,Completed,Long-term Telerehabilitation for Patients With Stroke,2018-08-29T00:00:00Z,2019-03-31T00:00:00Z,2019-03-31T00:00:00Z,TRUE,NA,None (Open Label),OTHER,FALSE,"University of California, Irvine",NA,NA,NA,NA,"University of California, Irvine",2018,2018,2019
NCT03527290,2021-03-26,2018-04-26,NA,Interventional,Not Applicable,30,Completed,Dietary Approaches for Cardiometabolic Health,2018-01-15T00:00:00Z,2020-11-05T00:00:00Z,2018-07-31T00:00:00Z,FALSE,Randomized,Triple,OTHER,FALSE,"University of California, Irvine","University of California, Irvine",NA,NA,NA,"University of California, Irvine",2018,2018,2020
NCT03586219,2021-04-12,2018-03-12,NA,Interventional,Not Applicable,146,Completed,Postoperative Opioid Consumption After Urogyneocologic Surgery,2017-12-29T00:00:00Z,2020-11-28T00:00:00Z,2020-11-28T00:00:00Z,FALSE,Randomized,None (Open Label),OTHER,TRUE,"University of California, Irvine","University of California, Irvine",NA,NA,NA,NA,2018,2017,2020
NCT03593733,2018-07-10,2018-06-25,NA,Interventional,Not Applicable,18,Unknown status,Comparison Between Photobiomodulation Therapy (PBMT) and a Cold-Water Immersion (CWI) in Recovery Soccer Player: Analysis of Biochemical Markers of Recovery and Muscular Oxidative Stress.,2017-01-01T00:00:00Z,2019-05-01T00:00:00Z,2017-08-01T00:00:00Z,FALSE,Randomized,Single,OTHER,TRUE,LUCIANA MARIA MALOSA SAMPAIO,NA,NA,NA,NA,NA,2018,2017,2019
NCT03613129,2020-04-30,2018-07-13,2020-04-19,Interventional,Phase 1/Phase 2,17,Completed,Clinical Trial to Investigate CT38 in the Treatment of Myalgic Encephalomyelitis / Chronic Fatigue Syndrome,2018-07-23T00:00:00Z,2019-04-30T00:00:00Z,2019-04-30T00:00:00Z,TRUE,Non-Randomized,None (Open Label),OTHER,FALSE,"LUCINDA BATEMAN, MD",NA,NA,NA,NA,NA,2018,2018,2019
NCT03621462,2018-08-03,2018-08-01,NA,Interventional,Not Applicable,4000,Unknown status,Elucid Labs AIDA™ - Labelled Image Acquisition Protocol,2018-10-15T00:00:00Z,2020-10-15T00:00:00Z,2020-09-01T00:00:00Z,FALSE,NA,None (Open Label),INDUSTRY,FALSE,Elucid Labs Inc.,NA,NA,NA,NA,NA,2018,2018,2020
NCT03680534,2018-09-19,2018-09-17,NA,Interventional,Not Applicable,30,Completed,3D Analysis of Root Canal Conformation,2017-08-24T00:00:00Z,2017-11-19T00:00:00Z,2017-10-23T00:00:00Z,FALSE,Randomized,Single,OTHER,FALSE,Institucion Universitaria Colegios de Colombia,Institucion Universitaria Colegios de Colombia,NA,NA,NA,Institucion Universitaria Colegios de Colombia,2018,2017,2017
NCT03681171,2018-09-20,2018-08-30,NA,Interventional,Not Applicable,9,Completed,Therapeutic Dance Intervention for Children With Cerebral Palsy,2016-06-25T00:00:00Z,2016-09-01T00:00:00Z,2016-08-01T00:00:00Z,FALSE,NA,None (Open Label),OTHER,TRUE,NA,NA,"University of California, Irvine",NA,NA,"University of California, Irvine",2018,2016,2016
NCT03702049,2021-04-07,2018-10-08,NA,Interventional,Not Applicable,50,Completed,Nurse-Led Community Health Worker Adherence Model in 3HP Delivery Among Homeless Adults at Risk for TB Infection and HIV,2019-01-24T00:00:00Z,2020-09-04T00:00:00Z,2020-05-29T00:00:00Z,FALSE,NA,None (Open Label),OTHER,TRUE,"University of California, Irvine","University of California, Irvine",NA,NA,NA,NA,2018,2019,2020
NCT03730363,2021-07-06,2018-10-26,NA,Interventional,Phase 1,1,Completed,Pentamidine + Salvage Chemo for Relapsed/Refractory Classical Hodgkin Lymphoma,2018-12-19T00:00:00Z,2019-05-23T00:00:00Z,2019-05-23T00:00:00Z,FALSE,NA,None (Open Label),OTHER,FALSE,NA,Lucille P. Markey Cancer Center at University of Kentucky,NA,NA,NA,NA,2018,2018,2019
NCT03759626,2019-02-08,2018-11-28,NA,Interventional,Not Applicable,486,Unknown status,I2S-Health Prevention,2019-02-06T00:00:00Z,2019-06-29T00:00:00Z,2019-05-29T00:00:00Z,FALSE,Randomized,None (Open Label),OTHER,TRUE,NA,NA,Institut de Cancérologie Lucien Neuwirth,NA,NA,NA,2018,2019,2019
NCT03776422,2019-09-26,2018-12-12,NA,Interventional,Not Applicable,100,Completed,Homeless Youth Study - Stepping Stone 2.0,2017-12-21T00:00:00Z,2019-07-08T00:00:00Z,2019-07-08T00:00:00Z,FALSE,NA,None (Open Label),OTHER,FALSE,NA,NA,"University of California, Irvine",NA,NA,"University of California, Irvine",2018,2017,2019
NCT03778151,2021-02-05,2018-12-14,NA,Interventional,Not Applicable,50,Completed,Repetitive TMS of the Default Mode Network in AD,2018-02-01T00:00:00Z,2020-10-01T00:00:00Z,2020-08-30T00:00:00Z,FALSE,Randomized,Quadruple,OTHER,TRUE,I.R.C.C.S. Fondazione Santa Lucia,NA,Santa Lucia Foundation,NA,NA,I.R.C.C.S. Fondazione Santa Lucia,2018,2018,2020
NCT03804034,2019-04-24,2019-01-08,NA,Interventional,Not Applicable,20,Completed,Importance of Neurogenic Inflammation in the Angiogenic Response of the Dental Pulp as a Defensive Response,2013-07-02T00:00:00Z,2015-01-12T00:00:00Z,2014-01-27T00:00:00Z,FALSE,Randomized,None (Open Label),OTHER,FALSE,Institucion Universitaria Colegios de Colombia,NA,NA,NA,NA,NA,2019,2013,2015
NCT03893240,2021-07-14,2019-03-11,NA,Interventional,Not Applicable,61,Completed,Neutralizing Antibody Seroprevalence Study With a Retrospective Component in Participants With Late-Onset Pompe Disease,2019-06-12T00:00:00Z,2020-10-27T00:00:00Z,2020-10-27T00:00:00Z,FALSE,NA,None (Open Label),INDUSTRY,TRUE,NA,University of California Irvine Health,NA,NA,NA,NA,2019,2019,2020
NCT03907436,2020-03-23,2019-04-02,NA,Interventional,Not Applicable,30,Completed,The NUTRIENT Trial (NUTRitional Intervention Among myEloproliferative Neoplasms): Feasibility Phase,2018-10-01T00:00:00Z,2019-10-01T00:00:00Z,2019-10-01T00:00:00Z,FALSE,Randomized,Single,OTHER,FALSE,"University of California, Irvine","University of California, Irvine",NA,NA,NA,"University of California, Irvine",2019,2018,2019
NCT04039867,2021-04-09,2019-02-05,2019-10-09,Interventional,Phase 2,17,Terminated,Evaluation of Oxaliplatin and Gemcitabine in Patients With Metastatic Bladder Cancer,2005-01-20T00:00:00Z,2011-10-06T00:00:00Z,2011-10-06T00:00:00Z,TRUE,NA,None (Open Label),OTHER,FALSE,"University of California, Irvine","University of California, Irvine",NA,NA,NA,NA,2019,2005,2011
NCT04310072,2020-03-16,2020-03-09,NA,Interventional,Not Applicable,30,Completed,Effects of Neuromuscular Electrostimulation in Patients With Acute Heart Failure,2019-09-10T00:00:00Z,2019-11-20T00:00:00Z,2019-11-20T00:00:00Z,FALSE,Randomized,Single,OTHER,FALSE,Ploesteanu Rodica Lucia,NA,NA,NA,NA,NA,2020,2019,2019
NCT04362202,2020-04-23,2020-04-22,NA,Interventional,Not Applicable,33,Completed,A Water-based Sequential Preparatory Approach and Stroke,2019-02-01T00:00:00Z,2019-11-30T00:00:00Z,2019-09-30T00:00:00Z,FALSE,Randomized,Single,OTHER,FALSE,I.R.C.C.S. Fondazione Santa Lucia,Santa Lucia Foundation I.R.C.C.S.,NA,NA,NA,I.R.C.C.S. Fondazione Santa Lucia,2020,2019,2019
NCT04367285,2020-04-25,2020-04-24,NA,Interventional,Not Applicable,35,Completed,Sensor-based Technology for Upper Limb Rehabilitation,2017-03-01T00:00:00Z,2020-01-31T00:00:00Z,2019-11-04T00:00:00Z,FALSE,Randomized,Single,OTHER,FALSE,I.R.C.C.S. Fondazione Santa Lucia,SANTA LUCIA FOUNDATION,NA,NA,NA,I.R.C.C.S. Fondazione Santa Lucia,2020,2017,2020
NCT04383405,2020-05-07,2020-05-07,NA,Interventional,Not Applicable,20,Completed,Aquatic Sequential Preparatory Approach and Severe Traumatic Brain Injury,2019-09-01T00:00:00Z,2020-05-02T00:00:00Z,2020-04-19T00:00:00Z,FALSE,Randomized,Double,OTHER,FALSE,I.R.C.C.S. Fondazione Santa Lucia,NA,NA,NA,NA,I.R.C.C.S. Fondazione Santa Lucia,2020,2019,2020
NCT04387006,2020-05-12,2020-05-09,NA,Interventional,Not Applicable,30,Completed,Osteopathic Manipulative Treatment Induces Functional Connectivity Changes,2017-09-30T00:00:00Z,2019-01-08T00:00:00Z,2018-07-30T00:00:00Z,FALSE,Randomized,Double,OTHER,FALSE,I.R.C.C.S. Fondazione Santa Lucia,NA,NA,NA,NA,I.R.C.C.S. Fondazione Santa Lucia,2020,2017,2019
NCT04720794,2021-01-22,2020-10-13,NA,Interventional,Not Applicable,101,Completed,A Study To Evaluate The Performance of the Lucira Health All-In-One COVID-19 Test Kit vs Hologic Panther Fusion,2020-09-25T00:00:00Z,2020-10-20T00:00:00Z,2020-10-20T00:00:00Z,FALSE,NA,None (Open Label),INDUSTRY,FALSE,Lucira Health Inc,NA,NA,NA,NA,NA,2020,2020,2020
NCT04851314,2021-07-16,2018-04-30,2021-06-21,Interventional,Not Applicable,110,Completed,Comparison of Different Ventilator and Vaporizer Technologies to Study Economic and Environmental Implications,2018-02-14T00:00:00Z,2019-11-08T00:00:00Z,2019-11-08T00:00:00Z,TRUE,Randomized,None (Open Label),OTHER,FALSE,"University of California, Irvine","University of California, Irvine",NA,NA,NA,"University of California, Irvine",2018,2018,2019
NCT04881786,2021-05-10,2021-05-05,NA,Interventional,Not Applicable,90,Completed,Calcitonin Gene-related Peptide Expression in Human Periodontal Ligament,2019-06-04T00:00:00Z,2020-03-10T00:00:00Z,2019-11-07T00:00:00Z,FALSE,Non-Randomized,None (Open Label),OTHER,FALSE,Institucion Universitaria Colegios de Colombia,NA,NA,NA,NA,Institucion Universitaria Colegios de Colombia,2021,2019,2020
NCT05252780,2022-02-13,2021-12-07,NA,Interventional,Not Applicable,64,Completed,A Community Dance Intervention Engaging Breast Cancer Survivors in a Middle-income Country,2019-03-01T00:00:00Z,2020-08-31T00:00:00Z,2019-11-30T00:00:00Z,FALSE,Non-Randomized,None (Open Label),OTHER,FALSE,Olga Lucia Sarmiento,NA,NA,NA,NA,NA,2021,2019,2020
