nct_id,last_update_submitted_date,registration_date,summary_results_date,study_type,phase,enrollment,recruitment_status,title,start_date,completion_date,primary_completion_date,has_summary_results,allocation,masking,main_sponsor,is_multicentric,ucsf_principal_investigator,ucsf_study_chair,ucsf_study_director,ucsf_unspecified_official,registration_year,start_year,completion_year,primary_completion_year
NCT00004978,2021-11-02,2000-03-10,2011-01-20,Interventional,Phase 3,4150,Completed,An International Study to Evaluate Recombinant Interleukin-2 in HIV Positive Patients Taking Anti-retroviral Therapy,2000-03-01T00:00:00Z,2008-11-01T00:00:00Z,2008-11-01T00:00:00Z,TRUE,Randomized,None (Open Label),NIH,TRUE,NA,"University of California, San Francisco",NA,NA,2000,2000,2008,2008
NCT00005005,2013-02-04,2000-03-24,NA,Interventional,Phase 2,238,Completed,PaTH Study: Parathyroid Hormone and Alendronate for Osteoporosis,1999-10-01T00:00:00Z,2007-11-01T00:00:00Z,2007-11-01T00:00:00Z,FALSE,Randomized,Double,OTHER,TRUE,"University of California, San Francisco",NA,NA,NA,2000,1999,2007,2007
NCT00027599,2013-02-08,2001-12-07,NA,Interventional,Phase 2,25,Completed,APC8015 and Bevacizumab in Treating Patients With Prostate Cancer,2001-12-01T00:00:00Z,NA,2007-07-01T00:00:00Z,FALSE,NA,None (Open Label),NIH,FALSE,NA,"University of California, San Francisco",NA,NA,2001,2001,NA,2007
NCT00029393,2016-07-28,2002-01-10,NA,Interventional,Phase 2,NA,Completed,Induction of Stable Chimerism for Sickle Cell Anemia,2001-08-01T00:00:00Z,2007-07-01T00:00:00Z,2007-07-01T00:00:00Z,FALSE,NA,None (Open Label),NIH,TRUE,NA,NA,NA,UCSF Benioff Children's Hospital Oakland,2002,2001,2007,2007
NCT00058084,2017-02-21,2003-04-07,NA,Interventional,Phase 2,80,Completed,Ixabepilone Compared With Mitoxantrone and Prednisone in Treating Patients With Refractory Metastatic Prostate Cancer,2003-03-01T00:00:00Z,NA,2007-10-01T00:00:00Z,FALSE,Randomized,None (Open Label),NIH,FALSE,"University of California, San Francisco",NA,NA,NA,2003,2003,NA,2007
NCT00058123,2018-07-24,2003-04-07,2016-10-14,Interventional,Phase 2,55,Completed,Poly-ICLC in Treating Patients With Recurrent or Progressive Anaplastic Glioma,2003-03-07T00:00:00Z,2009-01-02T00:00:00Z,2007-10-06T00:00:00Z,TRUE,NA,None (Open Label),OTHER,TRUE,NA,"University of California, San Francisco",NA,NA,2003,2003,2009,2007
NCT00071240,2009-08-14,2003-10-16,NA,Interventional,Phase 2,22,Completed,Growth Hormone to Increase Immune Function in People With HIV,2002-10-01T00:00:00Z,2007-09-01T00:00:00Z,2007-09-01T00:00:00Z,FALSE,Randomized,None (Open Label),NIH,FALSE,"University of California, San Francisco",NA,NA,NA,2003,2002,2007,2007
NCT00072280,2014-09-16,2003-11-04,2013-09-23,Interventional,Phase 2,7,Terminated,"Surgery and/or Chemotherapy in Treating Children With Infantile, Congenital, or Childhood Fibrosarcoma",2004-11-01T00:00:00Z,2008-03-01T00:00:00Z,2008-03-01T00:00:00Z,TRUE,Non-Randomized,None (Open Label),NETWORK,TRUE,NA,"University of California, San Francisco",NA,NA,2003,2004,2008,2008
NCT00074425,2021-11-03,2003-12-11,NA,Interventional,Phase 2,3101,Completed,BufferGel and PRO 2000/5: Vaginal Gels to Prevent HIV Infection in Women,2005-01-01T00:00:00Z,2008-09-01T00:00:00Z,2008-09-01T00:00:00Z,FALSE,Randomized,Quadruple,NIH,TRUE,NA,"Department of Obstetrics, Gynecology, and Reproductive Sciences, University of California, San Francisco; AIDS Research Institute",NA,NA,2003,2005,2008,2008
NCT00075088,2015-05-15,2004-01-02,2013-06-08,Interventional,Phase 3,794,Completed,Tele-Electrocardiography in Emergency Cardiac Care,2003-09-01T00:00:00Z,2009-06-01T00:00:00Z,2009-06-01T00:00:00Z,TRUE,Randomized,None (Open Label),OTHER,FALSE,"University of California, San Francisco",NA,NA,NA,2004,2003,2009,2009
NCT00086385,2015-03-03,2004-07-01,2013-07-29,Interventional,Phase 3,403,Completed,Maintaining Nonsmoking: Older Smokers - 1,2001-09-01T00:00:00Z,2009-03-01T00:00:00Z,2009-03-01T00:00:00Z,TRUE,Randomized,None (Open Label),OTHER,FALSE,"University of California, San Francisco",NA,NA,NA,2004,2001,2009,2009
NCT00090506,2008-01-23,2004-08-26,NA,Interventional,Phase 1,50,Completed,Yoga for Treating People at Risk for Diabetes or With Both HIV and Depression,2004-07-01T00:00:00Z,2007-03-01T00:00:00Z,2007-03-01T00:00:00Z,FALSE,Non-Randomized,None (Open Label),NIH,FALSE,UCSF Positive Health Program,NA,NA,NA,2004,2004,2007,2007
NCT00091390,2020-07-28,2004-09-07,2014-10-31,Interventional,Phase 2,129,Completed,Radiation Therapy in Treating Patients With Stage II or Stage III Prostate Cancer,2004-07-01T00:00:00Z,2016-12-01T00:00:00Z,2008-01-01T00:00:00Z,TRUE,NA,None (Open Label),NETWORK,TRUE,NA,"University of California, San Francisco",NA,NA,2004,2004,2016,2008
NCT00091988,2020-04-14,2004-09-21,NA,Interventional,Not Applicable,338,Completed,Program to Reduce Incontinence by Diet and Exercise,2004-07-01T00:00:00Z,2007-11-01T00:00:00Z,2007-11-01T00:00:00Z,FALSE,Randomized,Single,NIH,TRUE,UCSF Coordinating Center,NA,NA,NA,2004,2004,2007,2007
NCT00094172,2017-03-28,2004-10-14,2011-09-29,Interventional,Phase 2,82,Completed,Atorvastatin (Lipitor) Therapy in Patients With Clinically Isolated Syndrome (CIS) at Risk for Multiple Sclerosis,2005-05-01T00:00:00Z,2009-05-01T00:00:00Z,2009-05-01T00:00:00Z,TRUE,Randomized,Quadruple,NIH,TRUE,NA,"University of California, San Francisco",NA,NA,2004,2005,2009,2009
NCT00098774,2016-07-01,2004-12-08,2014-06-26,Interventional,Phase 2,47,Completed,Rituximab and Combination Chemotherapy in Treating Patients With Newly Diagnosed Primary CNS Lymphoma,2004-10-01T00:00:00Z,2014-09-01T00:00:00Z,2010-01-01T00:00:00Z,TRUE,NA,None (Open Label),OTHER,TRUE,NA,"University of California, San Francisco",NA,NA,2004,2004,2014,2010
NCT00108862,2018-09-11,2005-04-19,2011-09-27,Interventional,Phase 4,809,Completed,Immediate Versus Deferred Start of Anti-HIV Therapy in HIV-Infected Adults Being Treated for Tuberculosis,2006-08-01T00:00:00Z,2010-07-01T00:00:00Z,2010-07-01T00:00:00Z,TRUE,Randomized,None (Open Label),NETWORK,TRUE,NA,"San Francisco General Hospital and University of California, San Francisco",NA,NA,2005,2006,2010,2010
NCT00109421,2017-02-27,2005-04-27,NA,Interventional,Not Applicable,420,Completed,Friendship Based HIV/STI (Sexually Transmitted Infections) Intervention for African American Females,2004-11-01T00:00:00Z,2009-11-01T00:00:00Z,2009-11-01T00:00:00Z,FALSE,Randomized,None (Open Label),OTHER,FALSE,"University of California, San Francisco",NA,NA,NA,2005,2004,2009,2009
NCT00111501,2015-03-05,2005-05-20,NA,Interventional,Phase 3,792,Completed,LGBT Internet Based Smoking Treatment - 1,2002-09-01T00:00:00Z,2009-01-01T00:00:00Z,2009-01-01T00:00:00Z,FALSE,Randomized,None (Open Label),OTHER,FALSE,"University of California, San Francisco",NA,NA,NA,2005,2002,2009,2009
NCT00128206,2020-07-13,2005-08-05,2010-09-21,Interventional,Phase 3,364,Completed,Treatment of Latent TB Infection for Jailed Persons,2004-11-01T00:00:00Z,2009-09-01T00:00:00Z,2008-10-01T00:00:00Z,TRUE,Randomized,None (Open Label),OTHER,FALSE,"University of California, San Francisco",NA,NA,NA,2005,2004,2009,2008
NCT00147446,2013-09-06,2005-09-02,2012-10-26,Interventional,Phase 2,121,Completed,Stress Management for Patients With Multiple Sclerosis,2005-05-01T00:00:00Z,2009-01-01T00:00:00Z,2009-01-01T00:00:00Z,TRUE,Randomized,Single,OTHER,TRUE,"University of California, San Francisco",NA,NA,NA,2005,2005,2009,2009
NCT00187603,2008-05-05,2005-09-13,NA,Interventional,Not Applicable,270,Completed,Protecting the 'Hood Against Tobacco,2003-07-01T00:00:00Z,2007-06-01T00:00:00Z,2007-02-01T00:00:00Z,FALSE,Randomized,None (Open Label),OTHER,FALSE,Associate Professor UCSF,NA,NA,NA,2005,2003,2007,2007
NCT00187629,2013-10-08,2005-09-13,NA,Interventional,Not Applicable,27,Completed,Phosphate Intake's Effect on the Skeletal System - Pilot,2004-03-01T00:00:00Z,2008-07-01T00:00:00Z,2008-07-01T00:00:00Z,FALSE,Randomized,Triple,OTHER,FALSE,"University of California, San Francisco",NA,NA,NA,2005,2004,2008,2008
NCT00187681,2012-12-06,2005-09-13,2011-05-20,Interventional,Phase 4,20,Completed,"Organic Cation Transporter 1 (OCT1), on Response to Metformin in Healthy Subjects",2003-07-01T00:00:00Z,2008-03-01T00:00:00Z,2008-03-01T00:00:00Z,TRUE,Non-Randomized,None (Open Label),OTHER,FALSE,"University of California, San Francisco",NA,NA,NA,2005,2003,2008,2008
NCT00187707,2012-08-07,2005-09-14,NA,Interventional,Not Applicable,30,Completed,Influence of Intestinal Transporter Genetic Variants on the Bioavailability of Gabapentin,2005-09-01T00:00:00Z,2008-08-01T00:00:00Z,2007-01-01T00:00:00Z,FALSE,NA,None (Open Label),OTHER,FALSE,"University of California, San Francisco",NA,NA,NA,2005,2005,2008,2007
NCT00200967,2017-12-26,2005-09-12,2009-03-05,Interventional,Phase 3,87,Completed,Asthma Clinical Research Network (ACRN) Trial - Long-Acting Beta Agonist Response by Genotype (LARGE),2004-12-01T00:00:00Z,2008-02-01T00:00:00Z,2008-02-01T00:00:00Z,TRUE,Randomized,Quadruple,OTHER,TRUE,"University of California, San Francisco",NA,NA,NA,2005,2004,2008,2008
NCT00201188,2013-03-07,2005-09-16,NA,Interventional,Not Applicable,139,Completed,Enhancing Collaboration Between Doctors and Patients to Improve Asthma,2003-12-01T00:00:00Z,2008-02-01T00:00:00Z,2008-02-01T00:00:00Z,FALSE,Randomized,Quadruple,OTHER,FALSE,NA,"University of California, San Francisco",NA,NA,2005,2003,2008,2008
NCT00217984,2017-10-30,2005-09-16,NA,Interventional,Not Applicable,162,Completed,Intensive Intervention for Smokers - 6,2006-07-01T00:00:00Z,2010-06-01T00:00:00Z,2009-06-01T00:00:00Z,FALSE,Randomized,Single,OTHER,FALSE,"University of California, San Francisco",NA,NA,NA,2005,2006,2010,2009
NCT00218712,2012-04-30,2005-09-16,NA,Interventional,Not Applicable,488,Completed,Specialized Cognitive-Behavioral Counseling Intervention to Reduce HIV Transmission Risk Behavior in HIV-Infected Men,2005-09-01T00:00:00Z,2011-03-01T00:00:00Z,2010-12-01T00:00:00Z,FALSE,Randomized,Double,OTHER,TRUE,UCSF AIDS Health Project,NA,NA,NA,2005,2005,2011,2010
NCT00230880,2012-12-03,2005-09-29,NA,Interventional,Not Applicable,800,Completed,"The Young Woman's Reach Project: Trial of an Intervention to Impact Contraceptive Behavior, Unintended Pregnancy, and Sexually Transmitted Infections (STIs) Among Adolescent Females",2005-07-01T00:00:00Z,2009-06-01T00:00:00Z,2009-06-01T00:00:00Z,FALSE,Randomized,Single,OTHER,FALSE,"University of California, San Francisco",NA,NA,NA,2005,2005,2009,2009
NCT00235534,2012-11-16,2005-10-06,NA,Interventional,Not Applicable,300,Completed,Trial of Immediate Versus Delayed Initiation of Oral Contraceptive Pills After Abortion,2005-10-01T00:00:00Z,2008-12-01T00:00:00Z,2008-12-01T00:00:00Z,FALSE,Randomized,Double,OTHER,FALSE,"University of California, San Francisco",NA,"University of California, San Francisco",NA,2005,2005,2008,2008
NCT00243893,2013-10-08,2005-10-24,NA,Interventional,Phase 1,26,Completed,Tetracycline-Derivatives for Treatment of Cerebral Arteriovenous Malformations and Aneurysms,2004-07-01T00:00:00Z,2008-10-01T00:00:00Z,2008-10-01T00:00:00Z,FALSE,Randomized,None (Open Label),OTHER,FALSE,"University of California, San Francisco",NA,NA,NA,2005,2004,2008,2008
NCT00244374,2013-07-25,2005-10-25,2013-04-25,Interventional,Not Applicable,546,Completed,A Randomized Trial of Vaccine Adherence in Young Injection Drug Users,2004-08-01T00:00:00Z,2008-06-01T00:00:00Z,2008-06-01T00:00:00Z,TRUE,Randomized,None (Open Label),OTHER,FALSE,"University of California, San Francisco",NA,NA,NA,2005,2004,2008,2008
NCT00252850,2016-09-02,2005-11-11,NA,Interventional,Phase 1,12,Completed,Safety of CERE-120 (AAV2-NTN) in Subjects With Idiopathic Parkinson's Disease,2005-06-01T00:00:00Z,2007-03-01T00:00:00Z,2007-03-01T00:00:00Z,FALSE,Non-Randomized,None (Open Label),INDUSTRY,TRUE,"University of California, San Francisco",NA,NA,NA,2005,2005,2007,2007
NCT00263458,2011-09-08,2005-12-06,NA,Interventional,Phase 4,37,Completed,Integrating Buprenorphine Into the SFGH AIDS Program,2005-12-01T00:00:00Z,2009-06-01T00:00:00Z,2009-06-01T00:00:00Z,FALSE,Randomized,None (Open Label),OTHER,FALSE,"University of California, San Francisco",NA,NA,NA,2005,2005,2009,2009
NCT00264290,2020-07-20,2005-12-09,2013-08-13,Interventional,Phase 4,30,Completed,Valganciclovir to Reduce T Cell Activation in HIV Infection,2006-08-01T00:00:00Z,2008-11-01T00:00:00Z,2008-10-01T00:00:00Z,TRUE,Randomized,Quadruple,OTHER,FALSE,"University of California, San Francisco",NA,NA,NA,2005,2006,2008,2008
NCT00264758,2014-07-02,2005-12-12,NA,Interventional,Phase 2/Phase 3,245,Completed,Frequent Hemodialysis Network: Daily Trial,2006-01-01T00:00:00Z,2010-03-01T00:00:00Z,2010-03-01T00:00:00Z,FALSE,Randomized,None (Open Label),NIH,TRUE,"University of California, San Francisco",NA,NA,NA,2005,2006,2010,2010
NCT00266058,2013-06-04,2005-12-14,NA,Interventional,Phase 1,33,Completed,Drug Interaction Study Between Antimalarial and Anti-HIV Medications,2005-12-01T00:00:00Z,2010-11-01T00:00:00Z,2010-11-01T00:00:00Z,FALSE,Randomized,None (Open Label),OTHER,FALSE,"University of California, San Francisco",NA,NA,NA,2005,2005,2010,2010
NCT00271856,2012-04-11,2005-12-30,2011-08-03,Interventional,Phase 2,177,Completed,Staying Well: A Clinical Trial of Mindfulness-Based Stress Reduction and Education Groups for HIV,2005-05-01T00:00:00Z,2009-09-01T00:00:00Z,2009-09-01T00:00:00Z,TRUE,Randomized,None (Open Label),OTHER,FALSE,"University of California, San Francisco",NA,"University of California, San Francisco",NA,2005,2005,2009,2009
NCT00274755,2014-05-19,2006-01-10,NA,Interventional,Phase 2,250,Completed,Magnetic Resonance Imaging and Magnetic Resonance Spectroscopic Imaging in Evaluating Patients Who Are Undergoing Treatment for Gliomas,2003-11-01T00:00:00Z,NA,2007-04-01T00:00:00Z,FALSE,NA,None (Open Label),OTHER,FALSE,"University of California, San Francisco",NA,NA,NA,2006,2003,NA,2007
NCT00278434,2017-11-21,2006-01-16,NA,Interventional,Phase 1,12,Terminated,Zoledronate in Treating Patients With Cervical Intraepithelial Neoplasia 2/3 or 3,2005-04-01T00:00:00Z,2008-07-01T00:00:00Z,2008-07-01T00:00:00Z,FALSE,Randomized,Quadruple,OTHER,FALSE,NA,"University of California, San Francisco",NA,NA,2006,2005,2008,2008
NCT00290719,2014-05-07,2006-02-09,NA,Interventional,Phase 1,6,Terminated,"Gefitinib, Cisplatin, Irinotecan, and Radiation Therapy Before Surgery in Treating Patients With Esophageal Cancer or Gastroesophageal Junction Cancer That Can Be Removed By Surgery",2005-11-01T00:00:00Z,2008-06-01T00:00:00Z,2008-04-01T00:00:00Z,FALSE,NA,None (Open Label),OTHER,FALSE,NA,"University of California, San Francisco",NA,NA,2006,2005,2008,2008
NCT00290745,2020-11-10,2006-02-09,2020-10-19,Interventional,Phase 1/Phase 2,79,Completed,Tamoxifen or Letrozole in Treating Women With Ductal Carcinoma in Situ,2002-02-19T00:00:00Z,2011-06-30T00:00:00Z,2009-07-31T00:00:00Z,TRUE,NA,None (Open Label),OTHER,FALSE,"University of California, San Francisco",NA,NA,NA,2006,2002,2011,2009
NCT00293332,2011-02-08,2006-02-16,NA,Interventional,Phase 2,1,Terminated,"Docetaxel, Carboplatin, and Bevacizumab in Treating Patients With Stage I, Stage II, or Stage III Non-Small Cell Lung Cancer That Can Be Removed By Surgery",2005-12-01T00:00:00Z,2007-04-01T00:00:00Z,2007-03-01T00:00:00Z,FALSE,NA,None (Open Label),OTHER,FALSE,NA,"University of California, San Francisco",NA,NA,2006,2005,2007,2007
NCT00293462,2021-07-09,2006-02-16,2013-03-27,Interventional,Phase 3,91,Completed,GM-CSF Mouthwash for Preventing and Treating Mucositis in Patients Undergoing Radiation Therapy for Head and Neck Cancer,2005-06-07T00:00:00Z,2009-12-31T00:00:00Z,2009-12-31T00:00:00Z,TRUE,Randomized,Double,OTHER,FALSE,"University of California, San Francisco",NA,NA,NA,2006,2005,2009,2009
NCT00296023,2012-10-02,2006-02-23,NA,Interventional,Not Applicable,25,Completed,Donor Stem Cell Transplant in Treating Older or Frail Patients With Hematologic Cancer,1999-01-01T00:00:00Z,2008-06-01T00:00:00Z,2007-06-01T00:00:00Z,FALSE,Non-Randomized,None (Open Label),OTHER,TRUE,"University of California, San Francisco",NA,NA,NA,2006,1999,2008,2007
NCT00301860,2013-07-11,2006-03-09,NA,Interventional,Not Applicable,8,Terminated,Donor Stem Cell Transplant Followed By Donor White Blood Cell Infusions in Treating Young Patients With Hematologic Cancer,2003-01-01T00:00:00Z,2007-11-01T00:00:00Z,2007-03-01T00:00:00Z,FALSE,NA,None (Open Label),OTHER,FALSE,NA,"University of California, San Francisco",NA,NA,2006,2003,2007,2007
NCT00301951,2017-10-10,2006-03-09,NA,Interventional,Phase 1,7,Completed,"Low-Dose Fludarabine, Busulfan, and Anti-Thymocyte Globulin Followed By Donor Umbilical Cord Blood Transplant in Treating Patients With Advanced Hematologic Cancer",2004-09-01T00:00:00Z,2009-07-01T00:00:00Z,2009-07-01T00:00:00Z,FALSE,NA,None (Open Label),OTHER,FALSE,"University of California, San Francisco",NA,NA,NA,2006,2004,2009,2009
NCT00302341,2013-03-06,2006-03-10,NA,Interventional,Phase 3,48,Terminated,DB289 Versus TMP-SMX for the Treatment of Acute Pneumocystis Jiroveci Pneumonia (PCP),2006-05-01T00:00:00Z,2008-12-01T00:00:00Z,2008-12-01T00:00:00Z,FALSE,Randomized,Double,INDUSTRY,TRUE,"University of California, San Francisco",NA,NA,NA,2006,2006,2008,2008
NCT00304018,2013-08-13,2006-03-15,NA,Interventional,Phase 1,5,Completed,Donor Umbilical Cord Blood Transplant in Treating Patients With Advanced Hematologic Cancer,2002-10-01T00:00:00Z,2009-03-01T00:00:00Z,2009-03-01T00:00:00Z,FALSE,NA,None (Open Label),OTHER,FALSE,NA,"University of California, San Francisco",NA,NA,2006,2002,2009,2009
NCT00305253,2013-05-09,2006-03-17,2009-07-07,Interventional,Phase 1/Phase 2,990,Completed,Efficacy Study of the Non-Pneumatic Anti-Shock Garment (NASG) in Egypt,2006-04-01T00:00:00Z,2008-06-01T00:00:00Z,2008-06-01T00:00:00Z,TRUE,Non-Randomized,None (Open Label),OTHER,TRUE,"University of California, San Francisco",NA,NA,NA,2006,2006,2008,2008
NCT00308555,2016-10-26,2006-03-27,2013-05-23,Interventional,Phase 1,24,Completed,Opioid and Cannabinoid Pharmacokinetic Interactions,2006-05-01T00:00:00Z,2009-03-01T00:00:00Z,2009-03-01T00:00:00Z,TRUE,NA,None (Open Label),OTHER,FALSE,"University of California, San Francisco",NA,NA,NA,2006,2006,2009,2009
NCT00309894,2019-08-01,2006-03-29,NA,Interventional,Phase 2,49,Completed,"Ketoconazole, Hydrocortisone, and GM-CSF in Treating Patients With Progressive Prostate Cancer After Hormone Therapy",2004-04-01T00:00:00Z,2007-12-01T00:00:00Z,2007-11-01T00:00:00Z,FALSE,Non-Randomized,None (Open Label),OTHER,TRUE,NA,"University of California, San Francisco",NA,NA,2006,2004,2007,2007
NCT00312936,2016-05-12,2006-04-07,NA,Interventional,Phase 1/Phase 2,76,Completed,A Mindfulness Based Approach to HIV Treatment Side Effects,2006-07-01T00:00:00Z,2008-10-01T00:00:00Z,2008-10-01T00:00:00Z,FALSE,Randomized,None (Open Label),OTHER,FALSE,"University of California, San Francisco",NA,NA,NA,2006,2006,2008,2008
NCT00316823,2014-02-21,2006-04-19,NA,Interventional,Not Applicable,400,Completed,Genetic Analysis in Diagnosing Thyroid Cancer in Patients With Thyroid Nodules,2005-07-01T00:00:00Z,NA,2009-12-01T00:00:00Z,FALSE,NA,None (Open Label),OTHER,FALSE,"University of California, San Francisco",NA,NA,NA,2006,2005,NA,2009
NCT00319644,2012-10-16,2006-04-27,2011-03-24,Interventional,Not Applicable,37,Completed,Impact of Using Mini-Bronchoalveolar Lavage as a Diagnostic Test for Ventilator-Associated Pneumonia,2006-05-01T00:00:00Z,2008-12-01T00:00:00Z,2008-12-01T00:00:00Z,TRUE,Randomized,None (Open Label),OTHER,FALSE,"University of California, San Francisco",NA,NA,NA,2006,2006,2008,2008
NCT00320606,2018-08-22,2006-04-28,2011-06-08,Interventional,Phase 1,20,Completed,Withdrawal of Immunosuppression in Pediatric Liver Transplant Recipients,2006-06-05T00:00:00Z,2017-03-13T00:00:00Z,2009-11-30T00:00:00Z,TRUE,NA,None (Open Label),NIH,TRUE,"University of California, San Francisco",NA,NA,NA,2006,2006,2017,2009
NCT00322972,2015-09-05,2006-05-05,NA,Interventional,Phase 4,33000,Completed,Trachoma Amelioration in Northern Amhara (TANA),2006-06-01T00:00:00Z,2014-05-01T00:00:00Z,2009-11-01T00:00:00Z,FALSE,Randomized,Single,OTHER,FALSE,"Proctor Foundation, UCSF",NA,"Proctor Foundation, UCSF",NA,2006,2006,2014,2009
NCT00324350,2012-09-05,2006-05-10,2012-03-15,Interventional,Phase 3,7287,Completed,Intensive Glycemic Control and Skeletal Health Study,2003-10-01T00:00:00Z,2009-06-01T00:00:00Z,2009-06-01T00:00:00Z,TRUE,Randomized,Single,OTHER,TRUE,"University of California, San Francisco",NA,NA,NA,2006,2003,2009,2009
NCT00328692,2009-10-08,2006-05-19,NA,Interventional,Phase 3,932,Completed,PROTECT-1: A Study of the Selective A1 Adenosine Receptor Antagonist KW-3902 for Patients Hospitalized With Acute HF and Volume Overload to Assess Treatment Effect on Congestion and Renal Function,2006-08-01T00:00:00Z,2009-07-01T00:00:00Z,2009-07-01T00:00:00Z,FALSE,Randomized,Quadruple,INDUSTRY,TRUE,NA,"University of California San Francisco, USA",NA,NA,2006,2006,2009,2009
NCT00331344,2017-10-02,2006-05-30,2017-06-02,Interventional,Phase 1/Phase 2,100,Completed,Treating Patients With Metastatic Prostate Cancer Not Responding to Hormone and Chemotherapy,2006-04-01T00:00:00Z,2010-11-01T00:00:00Z,2010-11-01T00:00:00Z,TRUE,NA,None (Open Label),NIH,TRUE,University of California San Francisco Medical Center-Mount Zion,NA,NA,NA,2006,2006,2010,2010
NCT00333437,2013-09-23,2006-06-02,2013-05-06,Interventional,Not Applicable,7,Completed,Pulmonary Involvement in Scleroderma: A Clinical Study of the Safety and Efficacy of Mycophenolate Mofetil in Scleroderma Patients With Lung Involvement,2006-05-01T00:00:00Z,2009-01-01T00:00:00Z,2009-01-01T00:00:00Z,TRUE,NA,None (Open Label),OTHER,FALSE,"University of California, San Francisco",NA,NA,NA,2006,2006,2009,2009
NCT00333541,2015-03-03,2006-06-02,NA,Interventional,Not Applicable,100,Completed,Evaluation of Internet Access and Use in Adolescent Women Initiating Contraception,2006-06-01T00:00:00Z,2008-07-01T00:00:00Z,2008-07-01T00:00:00Z,FALSE,Randomized,Single,OTHER,TRUE,"University of California, San Francisco",NA,NA,NA,2006,2006,2008,2008
NCT00334243,2011-10-05,2006-06-06,NA,Interventional,Phase 4,2,Terminated,Protocols for Improved in Vitro Fertilization (IVF) Outcomes,2006-06-01T00:00:00Z,2007-11-01T00:00:00Z,2007-08-01T00:00:00Z,FALSE,Randomized,None (Open Label),OTHER,FALSE,"University of California, San Francisco",NA,NA,NA,2006,2006,2007,2007
NCT00344591,2015-07-22,2006-06-23,NA,Interventional,Phase 2,162,Completed,Effectiveness of Structured Ecosystems Therapy for Reducing HIV Risk Behaviors and Improving Treatment Adherence in HIV Infected Men Released From Prison,2005-01-01T00:00:00Z,NA,2009-06-01T00:00:00Z,FALSE,Randomized,None (Open Label),OTHER,FALSE,"University of California, San Francisco",NA,NA,NA,2006,2005,NA,2009
NCT00346151,2017-03-23,2006-06-27,2011-06-08,Interventional,Phase 2,5,Terminated,Belatacept to Prevent Organ Rejection in Kidney Transplant Patients,2006-12-01T00:00:00Z,2010-02-01T00:00:00Z,2010-02-01T00:00:00Z,TRUE,NA,None (Open Label),NIH,TRUE,"University of California, San Francisco",NA,NA,NA,2006,2006,2010,2010
NCT00354458,2009-10-08,2006-07-18,NA,Interventional,Phase 3,1102,Completed,PROTECT-2: A Study of the Selective A1 Adenosine Receptor Antagonist KW-3902 for Patients Hospitalized With Acute HF and Volume Overload to Assess Treatment Effect on Congestion and Renal Function,2006-10-01T00:00:00Z,2009-07-01T00:00:00Z,2009-07-01T00:00:00Z,FALSE,Randomized,Quadruple,INDUSTRY,TRUE,NA,"University of California San Francisco, USA",NA,NA,2006,2006,2009,2009
NCT00358319,2013-11-21,2006-07-27,NA,Interventional,Phase 1/Phase 2,42,Terminated,Phase I/II Trial of Valproic Acid and Karenitecin for Melanoma,2005-03-01T00:00:00Z,2007-04-01T00:00:00Z,2007-04-01T00:00:00Z,FALSE,Non-Randomized,None (Open Label),OTHER,FALSE,UCSF (formerly at H. Lee Moffitt Cancer Center & Research Institute),NA,NA,NA,2006,2005,2007,2007
NCT00360516,2011-06-28,2006-08-02,NA,Interventional,Not Applicable,10,Completed,Paleolithic Diet and Exercise Study,2005-11-01T00:00:00Z,2007-12-01T00:00:00Z,2007-09-01T00:00:00Z,FALSE,Non-Randomized,None (Open Label),OTHER,FALSE,"University of California, San Francisco",NA,NA,NA,2006,2005,2007,2007
NCT00365144,2017-12-19,2006-08-16,2013-09-18,Interventional,Phase 2,36,Completed,Bevacizumab and Erlotinib in Treating Patients With Metastatic Pancreatic Cancer That Did Not Respond to Previous Treatment With Gemcitabine,2006-02-01T00:00:00Z,2010-03-01T00:00:00Z,2009-01-01T00:00:00Z,TRUE,NA,None (Open Label),OTHER,FALSE,NA,"University of California, San Francisco",NA,NA,2006,2006,2010,2009
NCT00373412,2008-05-05,2006-09-06,NA,Interventional,Phase 1,16,Completed,Trial of pDNA CMV Vaccine (VCL-CT02) Followed by Towne CMV Vaccine (Towne) Challenge,2006-10-01T00:00:00Z,NA,2008-02-01T00:00:00Z,FALSE,Randomized,None (Open Label),OTHER,FALSE,"University of California, San Francisco",NA,NA,NA,2006,2006,NA,2008
NCT00374335,2011-09-12,2006-09-07,2011-08-09,Interventional,Not Applicable,261,Completed,Incidence of Hepatic Hemangiomatosis in Patients With Cutaneous Hemangiomas,2006-09-01T00:00:00Z,2009-12-01T00:00:00Z,2008-06-01T00:00:00Z,TRUE,Non-Randomized,None (Open Label),OTHER,FALSE,"University of California, San Francisco",NA,NA,NA,2006,2006,2009,2008
NCT00387894,2013-05-25,2006-10-12,2013-04-12,Interventional,Phase 2,6,Terminated,Erlotinib in Treating Patients With Recurrent Glioblastoma Multiforme or Gliosarcoma,2007-01-01T00:00:00Z,2009-03-01T00:00:00Z,2009-03-01T00:00:00Z,TRUE,NA,None (Open Label),OTHER,FALSE,"University of California, San Francisco",NA,NA,NA,2006,2007,2009,2009
NCT00394888,2013-09-17,2006-11-01,2011-05-04,Interventional,Not Applicable,433,Completed,Hemangioma Associated With High Rates of Morbidity,2005-11-01T00:00:00Z,2010-01-01T00:00:00Z,2009-11-01T00:00:00Z,TRUE,Non-Randomized,None (Open Label),OTHER,FALSE,"University of California, San Francisco",NA,NA,NA,2006,2005,2010,2009
NCT00399984,2013-06-11,2006-11-13,NA,Interventional,Not Applicable,40,Completed,Evaluating a Pediatric Asthma Management Education Program for Physicians,2004-04-01T00:00:00Z,2009-06-01T00:00:00Z,2009-06-01T00:00:00Z,FALSE,Randomized,Single,OTHER,FALSE,"University of California, San Francisco",NA,NA,NA,2006,2004,2009,2009
NCT00402285,2015-12-02,2006-11-20,2012-09-13,Interventional,Not Applicable,84,Completed,Lycopene or Omega-3 Fatty Acid Nutritional Supplements in Treating Patients With Stage I or Stage II Prostate Cancer,2003-04-01T00:00:00Z,2008-01-01T00:00:00Z,2008-01-01T00:00:00Z,TRUE,Randomized,Triple,OTHER,FALSE,NA,"University of California, San Francisco",NA,NA,2006,2003,2008,2008
NCT00410774,2012-09-13,2006-12-11,NA,Interventional,Phase 1/Phase 2,20,Terminated,Gemcitabine and Bevacizumab in Treating Patients With Pancreatic Cancer That Has Been Completely Removed By Surgery,2006-07-01T00:00:00Z,2007-10-01T00:00:00Z,2007-10-01T00:00:00Z,FALSE,Non-Randomized,None (Open Label),OTHER,FALSE,NA,"University of California, San Francisco",NA,NA,2006,2006,2007,2007
NCT00416403,2012-12-12,2006-12-27,NA,Interventional,Phase 2,35,Completed,Effect of Fluvastatin on Biomarkers in Women Who Are Undergoing Surgery for Ductal Carcinoma In Situ or Stage I Breast Cancer,2006-07-01T00:00:00Z,2011-06-01T00:00:00Z,2007-09-01T00:00:00Z,FALSE,Randomized,Single,OTHER,TRUE,NA,"University of California, San Francisco",NA,NA,2006,2006,2011,2007
NCT00419029,2014-08-25,2007-01-04,NA,Interventional,Not Applicable,400,Completed,Motivational Interviewing to Engage Operations Enduring Freedom and Iraqi Freedom (OEF/OIF) Veterans in Mental Health Treatment,2007-09-01T00:00:00Z,2011-09-01T00:00:00Z,2010-09-01T00:00:00Z,FALSE,Randomized,Single,FED,FALSE,"San Francisco VA Medical Center, University of California, San Francisco",NA,NA,NA,2007,2007,2011,2010
NCT00429858,2020-08-28,2007-01-30,2020-08-28,Interventional,Phase 2,21,Terminated,Gemcitabine and S-1 for Locally Advanced Unresectable or Metastatic Pancreatic Cancer,2007-01-22T00:00:00Z,2010-01-20T00:00:00Z,2010-01-20T00:00:00Z,TRUE,NA,None (Open Label),OTHER,TRUE,NA,"University of California, San Francisco",NA,NA,2007,2007,2010,2010
NCT00434993,2016-12-21,2007-01-29,2012-12-04,Interventional,Phase 2/Phase 3,282,Terminated,Drug Study of Albuterol to Treat Acute Lung Injury,2007-08-01T00:00:00Z,2008-11-01T00:00:00Z,2008-09-01T00:00:00Z,TRUE,Randomized,Triple,NIH,TRUE,"University of California, San Francisco",NA,NA,NA,2007,2007,2008,2008
NCT00439946,2013-06-12,2007-02-22,2013-03-26,Interventional,Phase 4,8,Terminated,"Safety, Efficacy, and Treatment Satisfaction Switching From Flolan to Remodulin Using the Crono Five Ambulatory Pump in Patients With PAH",2007-02-01T00:00:00Z,2011-03-01T00:00:00Z,2009-09-01T00:00:00Z,TRUE,NA,None (Open Label),INDUSTRY,TRUE,"University of California, San Francisco",NA,NA,NA,2007,2007,2011,2009
NCT00440869,2010-03-02,2007-02-26,NA,Interventional,Phase 1,30,Completed,Effects of N-acetylcysteine on Muscle Fatigue in Hemodialysis,2007-03-01T00:00:00Z,2009-12-01T00:00:00Z,2009-12-01T00:00:00Z,FALSE,Randomized,Quadruple,NIH,FALSE,"University of California, San Francisco, San Francisco VA Medical Center",NA,NA,NA,2007,2007,2009,2009
NCT00443690,2009-02-19,2007-03-02,NA,Interventional,Phase 3,480,Completed,Placebo-Controlled Randomized Study of KW-3902 for Subjects Hospitalized With Worsening Renal Function and Heart Failure Requiring IV Therapy,2007-08-01T00:00:00Z,2009-01-01T00:00:00Z,2009-01-01T00:00:00Z,FALSE,Randomized,Quadruple,INDUSTRY,TRUE,NA,"University of California San Francisco, USA",NA,NA,2007,2007,2009,2009
NCT00447265,2013-02-06,2007-03-12,2011-10-07,Interventional,Phase 2,1,Terminated,Etanercept for the Treatment of Lupus Nephritis,2008-02-01T00:00:00Z,2009-03-01T00:00:00Z,2009-03-01T00:00:00Z,TRUE,Randomized,Double,NIH,TRUE,NA,"Division of Rheumatology, University of California, San Francisco; Department of Medicine, University of California, San Francisco",NA,NA,2007,2008,2009,2009
NCT00451308,2013-07-31,2007-03-22,NA,Interventional,Phase 4,192,Completed,Induction of Labor With a Foley Balloon Catheter: Inflation With 30ml Compared to 60ml,2006-11-01T00:00:00Z,2009-07-01T00:00:00Z,2009-07-01T00:00:00Z,FALSE,Randomized,Triple,OTHER,FALSE,"University of California, San Francisco",NA,NA,NA,2007,2006,2009,2009
NCT00454181,2011-09-12,2007-03-29,2010-11-09,Interventional,Phase 2,59,Completed,Treatment of Oral Warts in HIV+ Patients,2007-02-01T00:00:00Z,2009-10-01T00:00:00Z,2009-09-01T00:00:00Z,TRUE,Randomized,Quadruple,INDUSTRY,TRUE,"University of California, San Francisco",NA,NA,NA,2007,2007,2009,2009
NCT00454532,2012-02-27,2007-03-26,2012-02-27,Interventional,Phase 1/Phase 2,27,Completed,A Phase I/II Clinical Trial Assessing Safety and Efficacy of BZL101 for Metastatic Breast Cancer,2007-03-01T00:00:00Z,NA,2009-12-01T00:00:00Z,TRUE,Non-Randomized,None (Open Label),INDUSTRY,TRUE,"University of California, San Francisco",NA,NA,NA,2007,2007,NA,2009
NCT00459732,2020-12-03,2007-04-11,2010-11-04,Interventional,Not Applicable,45,Completed,Zinc & Bone Health in Thalassemia: The Think Zinc Study,2006-04-01T00:00:00Z,2011-02-01T00:00:00Z,2009-10-01T00:00:00Z,TRUE,Randomized,Double,OTHER,TRUE,UCSF Benioff Children's Hospital Oakland,NA,NA,NA,2007,2006,2011,2009
NCT00466206,2015-12-02,2007-04-24,2012-05-11,Interventional,Phase 1/Phase 2,10,Completed,Magnetic Mini-Mover Procedure to Treat Pectus Excavatum,2007-04-01T00:00:00Z,2011-04-01T00:00:00Z,2010-05-01T00:00:00Z,TRUE,NA,None (Open Label),OTHER,FALSE,"University of California, San Francisco Medical Center and Children's Hospital",NA,NA,NA,2007,2007,2011,2010
NCT00472719,2021-10-13,2007-05-11,NA,Interventional,Phase 1,17,Completed,Safety of and Immune Response to a DNA HIV Vaccine Followed By Boosting With One of Two Serotypes of Adenoviral Vector HIV Vaccine in Healthy Adults,2007-08-01T00:00:00Z,2013-01-01T00:00:00Z,2008-07-01T00:00:00Z,FALSE,Randomized,Double,NIH,TRUE,NA,"San Francisco Department of Public Health, University of California, San Francisco",NA,NA,2007,2007,2013,2008
NCT00477165,2017-03-02,2007-05-18,2015-04-10,Interventional,Phase 2,54,Completed,Citalopram in Irritable Bowel Syndrome,2001-04-01T00:00:00Z,2009-06-01T00:00:00Z,2009-06-01T00:00:00Z,TRUE,Randomized,Double,OTHER,FALSE,"University of California, San Francisco",NA,NA,NA,2007,2001,2009,2009
NCT00495521,2017-08-23,2007-06-29,2017-06-05,Interventional,Phase 2,2,Terminated,High Dose Oral 4-Aminosalicylic Acid (PASER®) to Control Acute Flares of Mild to Moderate Crohn's Disease in Children,2007-06-01T00:00:00Z,2008-10-01T00:00:00Z,2008-07-01T00:00:00Z,TRUE,Randomized,Quadruple,INDUSTRY,TRUE,"University of California, San Francisco",NA,NA,NA,2007,2007,2008,2008
NCT00496223,2011-02-21,2007-07-03,NA,Interventional,Phase 1/Phase 2,11,Terminated,A Phase I/II Study of Sunitinib and Dacarbazine,2006-09-01T00:00:00Z,2007-06-01T00:00:00Z,2007-06-01T00:00:00Z,FALSE,Non-Randomized,None (Open Label),OTHER,FALSE,UCSF (formerly at H. Lee Moffitt Cancer Center & Research Institute),NA,NA,NA,2007,2006,2007,2007
NCT00498355,2017-10-24,2007-07-09,2012-06-20,Interventional,Phase 1/Phase 2,7,Completed,Lucentis for Inflammatory Macular Edema Trial,2007-07-01T00:00:00Z,2009-12-01T00:00:00Z,2009-01-01T00:00:00Z,TRUE,NA,None (Open Label),OTHER,FALSE,"University of California, San Francisco",NA,NA,NA,2007,2007,2009,2009
NCT00501696,2008-05-15,2007-07-12,NA,Interventional,Phase 3,80,Completed,"A Randomized Placebo-Controlled, Crossover-Design Study of the Effects of Low Dose Naltrexone",2007-02-01T00:00:00Z,2007-11-01T00:00:00Z,2007-11-01T00:00:00Z,FALSE,Randomized,Triple,OTHER,FALSE,"MS Center , UCSF",NA,NA,NA,2007,2007,2007,2007
NCT00501748,2011-09-23,2007-07-12,NA,Interventional,Phase 1,20,Completed,Safety and Tolerability of Rituximab in Neuromyelitis Optica,2004-01-01T00:00:00Z,2010-12-01T00:00:00Z,2010-12-01T00:00:00Z,FALSE,NA,None (Open Label),OTHER,TRUE,"MS Center , UCSF",NA,NA,NA,2007,2004,2010,2010
NCT00503308,2015-05-06,2007-07-16,2009-09-24,Interventional,Not Applicable,281,Completed,HIV Testing Strategies in the Perinatal Setting,2006-10-01T00:00:00Z,2008-02-01T00:00:00Z,2007-09-01T00:00:00Z,TRUE,Randomized,Single,OTHER,FALSE,"University of California, San Francisco",NA,NA,NA,2007,2006,2008,2007
NCT00504166,2013-07-31,2007-07-17,2011-07-13,Interventional,Phase 4,53,Completed,Alendronate Prevents Microarchitectural Deterioration of Trabecular Bone in Early Postmenopausal Women,2006-02-01T00:00:00Z,2009-04-01T00:00:00Z,2009-03-01T00:00:00Z,TRUE,Randomized,Double,OTHER,FALSE,"University of California, San Francisco",NA,NA,NA,2007,2006,2009,2009
NCT00505427,2013-06-28,2007-07-20,NA,Interventional,Phase 1,22,Completed,Alpha Lipoic Acid and Polycystic Ovary Syndrome,2006-03-01T00:00:00Z,2010-07-01T00:00:00Z,2010-07-01T00:00:00Z,FALSE,Non-Randomized,None (Open Label),OTHER,FALSE,"University of California, San Francisco",NA,NA,NA,2007,2006,2010,2010
NCT00508937,2020-12-22,2007-07-26,NA,Interventional,Not Applicable,660,Completed,Dietary Protein and Insulin Sensitivity Study,2007-02-01T00:00:00Z,2009-12-01T00:00:00Z,2009-11-01T00:00:00Z,FALSE,Randomized,Single,OTHER,TRUE,UCSF Benioff Children's Hospital Oakland,NA,NA,NA,2007,2007,2009,2009
NCT00509353,2014-08-28,2007-07-30,NA,Interventional,Phase 1,26,Completed,N2004-06: Irinotecan and Vincristine With 131I-MIBG Therapy for Resistant/Relapsed High-Risk Neuroblastoma,2007-01-01T00:00:00Z,2012-05-01T00:00:00Z,2010-10-01T00:00:00Z,FALSE,NA,None (Open Label),OTHER,TRUE,UCSF Medical Center at Parnassus,NA,NA,NA,2007,2007,2012,2010
NCT00510224,2013-10-17,2007-07-30,2013-10-17,Interventional,Phase 2,13,Terminated,Sandostatin for Patients With Androgen Independent Prostate Cancer,2007-07-01T00:00:00Z,2009-08-01T00:00:00Z,2009-08-01T00:00:00Z,TRUE,NA,None (Open Label),OTHER,FALSE,"University of California, San Francisco",NA,NA,NA,2007,2007,2009,2009
NCT00513526,2015-08-27,2007-08-06,2011-06-28,Interventional,Phase 2,112,Completed,Human Papillomavirus Vaccine Therapy in Treating Men With HIV-1 Infection,2007-11-01T00:00:00Z,2011-10-01T00:00:00Z,2010-05-01T00:00:00Z,TRUE,Non-Randomized,None (Open Label),NETWORK,TRUE,"University of California, San Francisco",NA,NA,NA,2007,2007,2011,2010
NCT00513617,2017-02-28,2007-08-06,2009-02-23,Interventional,Phase 2,128,Completed,Effectiveness of Arginine as a Treatment for Sickle Cell Anemia,2004-06-01T00:00:00Z,2008-01-01T00:00:00Z,2007-09-01T00:00:00Z,TRUE,Randomized,Quadruple,OTHER,TRUE,"University of California, San Francisco",NA,NA,NA,2007,2004,2008,2007
NCT00514722,2013-08-13,2007-08-08,NA,Interventional,Not Applicable,4,Terminated,Pilot Study of Umbilical Cord Blood Transplantation in Adult Patient With Advanced Hematopoietic Malignancies,2002-10-01T00:00:00Z,2009-03-01T00:00:00Z,2009-03-01T00:00:00Z,FALSE,NA,None (Open Label),OTHER,FALSE,"University of California, San Francisco",NA,NA,NA,2007,2002,2009,2009
NCT00517933,2015-06-22,2007-08-15,2010-11-05,Interventional,Phase 3,180,Completed,Sildenafil Trial of Exercise Performance in Idiopathic Pulmonary Fibrosis,2007-08-01T00:00:00Z,2009-10-01T00:00:00Z,2009-05-01T00:00:00Z,TRUE,Randomized,Triple,OTHER,TRUE,"University of California, San Francisco",NA,NA,NA,2007,2007,2009,2009
NCT00522899,2012-04-06,2007-08-28,NA,Interventional,Not Applicable,126,Completed,The Mental Activity and eXercise Trial for Seniors,2007-08-01T00:00:00Z,2011-06-01T00:00:00Z,2009-12-01T00:00:00Z,FALSE,Randomized,Double,OTHER,TRUE,"University of California, San Francisco and San Francisco VA Medical Center",NA,NA,NA,2007,2007,2011,2009
NCT00522964,2009-08-16,2007-08-28,NA,Interventional,Phase 3,80,Completed,Educational Intervention on Weight Management in Chinese-American Children,2006-05-01T00:00:00Z,2009-04-01T00:00:00Z,2009-04-01T00:00:00Z,FALSE,Randomized,Single,OTHER,FALSE,"University of California, San Francisco",NA,NA,NA,2007,2006,2009,2009
NCT00524966,2011-07-07,2007-09-04,NA,Interventional,Not Applicable,100,Completed,Randomized Controlled Trial of Bipolar Versus Ultrasonic Hemostasis Techniques in Thyroidectomy,2007-08-01T00:00:00Z,2009-08-01T00:00:00Z,2009-08-01T00:00:00Z,FALSE,Randomized,Single,OTHER,FALSE,"University of California, San Francisco",NA,NA,NA,2007,2007,2009,2009
NCT00525135,2015-01-21,2007-08-28,2015-01-21,Interventional,Phase 2,5,Terminated,Valproic Acid (Depakote ER) in Patients With Advanced Thyroid Cancer,2007-08-01T00:00:00Z,2009-03-01T00:00:00Z,2009-03-01T00:00:00Z,TRUE,Non-Randomized,None (Open Label),OTHER,FALSE,"University of California, San Francisco",NA,NA,NA,2007,2007,2009,2009
NCT00525421,2013-08-05,2007-09-04,2013-05-22,Interventional,Phase 2,20,Completed,A Clinical Study of Curcuminoids in the Treatment of Oral Lichen Planus,2007-10-01T00:00:00Z,2009-02-01T00:00:00Z,2009-02-01T00:00:00Z,TRUE,Randomized,Triple,OTHER,FALSE,"University of California, San Francisco",NA,NA,NA,2007,2007,2009,2009
NCT00531843,2013-10-31,2007-09-17,2013-06-10,Interventional,Phase 2/Phase 3,105,Completed,The Use of Fondaparinux in Preventing Thromboembolism in High Risk Trauma Patients,2007-12-01T00:00:00Z,2008-06-01T00:00:00Z,2008-06-01T00:00:00Z,TRUE,Non-Randomized,None (Open Label),OTHER,FALSE,"The University of California, San Francisco",NA,NA,NA,2007,2007,2008,2008
NCT00537576,2020-09-14,2007-09-27,2011-06-27,Interventional,Phase 1,12,Completed,Safety Study of Lactobacillus Administered Vaginally to Healthy Women,2007-11-01T00:00:00Z,2008-04-01T00:00:00Z,2008-03-01T00:00:00Z,TRUE,Randomized,Quadruple,INDUSTRY,FALSE,"University of California, San Francisco",NA,NA,NA,2007,2007,2008,2008
NCT00540319,2013-08-05,2007-10-04,NA,Interventional,Not Applicable,410,Completed,The Health in Pregnancy (HIP) Study,2006-06-01T00:00:00Z,2007-07-01T00:00:00Z,2007-07-01T00:00:00Z,FALSE,Randomized,Single,OTHER,TRUE,"University of California, San Francisco",NA,NA,NA,2007,2006,2007,2007
NCT00550589,2015-11-17,2007-10-26,2011-05-24,Interventional,Phase 2,33,Completed,Cidofovir in Treating HIV-Infected Patients With High-Grade Squamous Intraepithelial Lesions of the Skin Near the Anus,2007-09-01T00:00:00Z,2010-02-01T00:00:00Z,2010-02-01T00:00:00Z,TRUE,NA,None (Open Label),NETWORK,TRUE,"University of California, San Francisco",NA,NA,NA,2007,2007,2010,2010
NCT00553774,2016-10-25,2007-11-02,NA,Interventional,Phase 1,16,Completed,Effect of Cocoa Flavanols on Vascular Function,2007-03-01T00:00:00Z,2008-02-01T00:00:00Z,2008-02-01T00:00:00Z,FALSE,Randomized,Double,OTHER,FALSE,"University of California, San Francisco",NA,NA,NA,2007,2007,2008,2008
NCT00554190,2009-04-22,2007-11-02,2008-11-14,Interventional,Phase 4,29,Completed,Study to Evaluate Safety and Effectiveness of AdvaCoat Sinus Gel,2007-05-01T00:00:00Z,2007-12-01T00:00:00Z,2007-12-01T00:00:00Z,TRUE,Randomized,Single,INDUSTRY,TRUE,"University of California, San Francisco, Medical Center",NA,NA,NA,2007,2007,2007,2007
NCT00557362,2018-07-09,2007-11-09,2013-06-14,Interventional,Phase 1/Phase 2,120,Completed,Therapeutic Exploratory Study of Comparing Natamycin and Voriconazole to Treat Fungal Corneal Ulcer,2007-11-01T00:00:00Z,2008-08-01T00:00:00Z,2008-08-01T00:00:00Z,TRUE,Randomized,Quadruple,OTHER,TRUE,"Proctor Foundation, University of California, San Francisco",NA,NA,NA,2007,2007,2008,2008
NCT00565266,2018-05-31,2007-11-28,2012-04-30,Interventional,Phase 3,210,Completed,Asthma Clinical Research Network (ACRN) Trial - Tiotropium Bromide as an Alternative to Increased Inhaled Corticosteroid in Patients Inadequately Controlled on a Lower Dose of Inhaled Corticosteroid (TALC),2008-05-01T00:00:00Z,2010-05-01T00:00:00Z,2010-05-01T00:00:00Z,TRUE,Randomized,Quadruple,OTHER,TRUE,"University of California, San Francisco",NA,NA,NA,2007,2008,2010,2010
NCT00605436,2008-01-30,2008-01-16,NA,Interventional,Phase 1,26,Completed,Yoga for the Treatment of Metabolic Syndrome,2006-10-01T00:00:00Z,2007-06-01T00:00:00Z,2007-04-01T00:00:00Z,FALSE,Randomized,Single,OTHER,FALSE,"University of California, San Francisco",NA,NA,NA,2008,2006,2007,2007
NCT00616538,2008-02-05,2008-02-05,NA,Interventional,Phase 4,121,Completed,Epiceram™ Device Versus Mid-Strength Topical Steroid (Fluticasone Propionate 0.05%) for Treatment of Atopic Dermatitis,2006-12-01T00:00:00Z,NA,2007-04-01T00:00:00Z,FALSE,Randomized,Single,INDUSTRY,TRUE,"University of California, San Francisco, CA",NA,NA,NA,2008,2006,NA,2007
NCT00618449,2012-04-10,2008-02-06,2011-01-27,Interventional,Phase 4,1139,Completed,Impact of Two Alternative Dosing Strategies for Trachoma Control in Niger,2008-01-01T00:00:00Z,2009-08-01T00:00:00Z,2009-05-01T00:00:00Z,TRUE,Randomized,Single,OTHER,TRUE,"University of California, San Francisco",NA,NA,NA,2008,2008,2009,2009
NCT00618943,2011-12-07,2008-02-15,NA,Interventional,Phase 3,60,Completed,Treating Tobacco Dependence in Adolescents With Co-occurring Psychiatric Disorders,2008-04-01T00:00:00Z,2010-04-01T00:00:00Z,2010-04-01T00:00:00Z,FALSE,Randomized,None (Open Label),OTHER,TRUE,"University of California, San Francisco",NA,NA,NA,2008,2008,2010,2010
NCT00625794,2008-02-27,2008-02-19,NA,Interventional,Phase 4,40,Completed,Nicotine Replacement and Counseling In Adolescents,2005-09-01T00:00:00Z,2007-07-01T00:00:00Z,2007-05-01T00:00:00Z,FALSE,Randomized,None (Open Label),OTHER,FALSE,"University of California, San Francisco",NA,NA,NA,2008,2005,2007,2007
NCT00626158,2012-04-03,2008-02-14,NA,Interventional,Phase 1,45,Completed,Gemcitabine and Capecitabine to Treat Patients With Advanced Pancreatic and Biliary Cancers,2008-02-01T00:00:00Z,2010-12-01T00:00:00Z,2010-12-01T00:00:00Z,FALSE,NA,None (Open Label),OTHER,TRUE,"University of California, San Francisco",NA,NA,NA,2008,2008,2010,2010
NCT00630890,2015-09-09,2008-02-28,NA,Interventional,Phase 1,11,Terminated,Cyberknife Radiosurgery Boost for Hilar Cholangiocarcinoma (Klatskin Tumor),2007-10-01T00:00:00Z,2008-12-01T00:00:00Z,2008-12-01T00:00:00Z,FALSE,NA,None (Open Label),OTHER,FALSE,"University of California, San Francisco",NA,NA,NA,2008,2007,2008,2008
NCT00631449,2020-08-05,2008-02-28,2013-11-12,Interventional,Phase 4,30,Completed,Raltegravir Intensification in HIV-infected Patients,2008-02-01T00:00:00Z,2010-03-01T00:00:00Z,2009-09-01T00:00:00Z,TRUE,Randomized,Quadruple,OTHER,TRUE,"University of California, San Francisco",NA,NA,NA,2008,2008,2010,2009
NCT00635622,2009-07-09,2008-03-10,NA,Interventional,Phase 2,40,Completed,Safety and Efficacy Study of Lactobacillus Administered Vaginally in Women With Bacterial Vaginosis,2008-04-01T00:00:00Z,2009-01-01T00:00:00Z,2009-01-01T00:00:00Z,FALSE,Randomized,Quadruple,INDUSTRY,FALSE,"University of California, San Francisco",NA,"University of California, San Francisco",NA,2008,2008,2009,2009
NCT00643344,2014-10-25,2008-03-24,NA,Interventional,Not Applicable,15,Completed,Craving and Lifestyle Management Through Mindfulness Pilot Study,2008-01-01T00:00:00Z,2008-12-01T00:00:00Z,2008-10-01T00:00:00Z,FALSE,Randomized,None (Open Label),OTHER,FALSE,UCSF Osher Center for Integrative Medicine; UCSF Department of Psychiatry,NA,NA,NA,2008,2008,2008,2008
NCT00643903,2012-01-18,2008-03-24,NA,Interventional,Not Applicable,250,Completed,Effectiveness of Coping Training for People With HIV Experiencing Treatment Side Effects (The Balance Project),2004-04-01T00:00:00Z,2009-02-01T00:00:00Z,2008-09-01T00:00:00Z,FALSE,Randomized,None (Open Label),OTHER,FALSE,"University of California, San Francisco",NA,NA,NA,2008,2004,2009,2008
NCT00644280,2013-07-25,2008-03-24,2013-05-29,Interventional,Not Applicable,11,Terminated,Ranibizumab in Preventing Failure of Ahmed Valve Glaucoma Surgery,2008-04-01T00:00:00Z,2011-01-01T00:00:00Z,2010-12-01T00:00:00Z,TRUE,Randomized,None (Open Label),OTHER,FALSE,NA,"University of California, San Francisco","University of California, San Francisco",NA,2008,2008,2011,2010
NCT00659984,2017-09-06,2008-04-16,2015-12-15,Interventional,Phase 2,15,Completed,N2007-01: Ultratrace™ Iobenguane I 131 in Patients With Relapsed/Refractory High-Risk Neuroblastoma,2008-06-01T00:00:00Z,2010-11-01T00:00:00Z,2010-08-01T00:00:00Z,TRUE,NA,None (Open Label),INDUSTRY,TRUE,"University of California, San Francisco",NA,NA,NA,2008,2008,2010,2010
NCT00662545,2013-05-17,2008-04-16,2013-05-14,Interventional,Phase 4,10,Completed,Entecavir Intensification for Persistent HBV Viremia in HIV-HBV Infection,2008-04-01T00:00:00Z,2010-05-01T00:00:00Z,2010-02-01T00:00:00Z,TRUE,Randomized,None (Open Label),OTHER,FALSE,"HIV/AIDS Division, San Francisco General Hospital, University of California, San Francisco",NA,NA,NA,2008,2008,2010,2010
NCT00672932,2013-05-29,2008-04-29,2012-06-18,Interventional,Not Applicable,18,Completed,Raltegravir Augmentation on Persistent Central Nervous System (CNS) Immunoactivation in Treated HIV-1 Patients,2008-04-01T00:00:00Z,2011-02-01T00:00:00Z,2010-10-01T00:00:00Z,TRUE,Randomized,None (Open Label),OTHER,FALSE,"University of California, San Francisco",NA,NA,NA,2008,2008,2011,2010
NCT00683371,2020-01-30,2008-05-21,NA,Interventional,Not Applicable,20,Completed,Microarray Analysis of Sinus Samples From Patients With and Without Chronic Rhinosinusitis,2007-10-01T00:00:00Z,2008-04-30T00:00:00Z,2008-04-30T00:00:00Z,FALSE,Non-Randomized,Single,OTHER,FALSE,"University of California, San Francisco",NA,NA,NA,2008,2007,2008,2008
NCT00695097,2014-02-07,2008-06-09,2013-11-13,Interventional,Not Applicable,18,Completed,The Effect of Rituximab on the Development of Anti-Donor Antibodies,2004-08-01T00:00:00Z,2010-12-01T00:00:00Z,2010-12-01T00:00:00Z,TRUE,Randomized,None (Open Label),OTHER,TRUE,"University of California, San Francisco",NA,NA,NA,2008,2004,2010,2010
NCT00697892,2013-06-04,2008-06-02,NA,Interventional,Phase 1,38,Completed,Pharmacokinetic Interactions Between Antiretroviral Agents and Antimalarial Drug Combinations,2005-07-01T00:00:00Z,2010-12-01T00:00:00Z,2008-12-01T00:00:00Z,FALSE,Randomized,None (Open Label),OTHER,FALSE,"University of California, San Francisco",NA,NA,NA,2008,2005,2010,2008
NCT00701909,2014-01-14,2008-06-18,NA,Interventional,Phase 3,12,Completed,Pain Medicine for Wound Care Procedures,2008-06-01T00:00:00Z,2009-04-01T00:00:00Z,2009-04-01T00:00:00Z,FALSE,Randomized,Triple,OTHER,FALSE,NA,"Regents of the University of California, San Francisco",NA,NA,2008,2008,2009,2009
NCT00706966,2013-12-02,2008-06-27,2013-12-02,Interventional,Not Applicable,10,Completed,MRI and Magnetic Resonance Spectroscopy Imaging in Patients Receiving Dutasteride for Benign Prostatic Hypertrophy and Low-Risk Prostate Cancer,2005-06-01T00:00:00Z,2011-08-01T00:00:00Z,2008-12-01T00:00:00Z,TRUE,NA,None (Open Label),OTHER,FALSE,"University of California, San Francisco",NA,NA,NA,2008,2005,2011,2008
NCT00714194,2015-05-06,2008-06-16,NA,Interventional,Early Phase 1,52,Completed,"Effect of Daily Interruption of Continuous Sedation on Delirium, Sleep Perception in Intensive Care Unit (ICU) Patients",2008-07-01T00:00:00Z,2009-09-01T00:00:00Z,2009-09-01T00:00:00Z,FALSE,Non-Randomized,None (Open Label),OTHER,FALSE,NA,"The Regents of the University of California, San Francisco",NA,NA,2008,2008,2009,2009
NCT00714467,2013-05-26,2008-07-09,NA,Interventional,Not Applicable,1280,Completed,Expert System and Family Assisted Interventions for Chinese Smokers,2004-08-01T00:00:00Z,2008-12-01T00:00:00Z,2008-12-01T00:00:00Z,FALSE,Randomized,None (Open Label),OTHER,FALSE,"University of California, San Francisco",NA,NA,NA,2008,2004,2008,2008
NCT00714532,2013-07-09,2008-07-09,NA,Interventional,Not Applicable,298,Completed,Smoking Reduction and Cessation Interventions for Chinese,2007-04-01T00:00:00Z,2009-06-01T00:00:00Z,2009-06-01T00:00:00Z,FALSE,Randomized,None (Open Label),OTHER,FALSE,"University of California, San Francisco",NA,NA,NA,2008,2007,2009,2009
NCT00714896,2013-05-25,2008-07-09,NA,Interventional,Not Applicable,75,Completed,Interventions for Smoking Among Persons in Recovery,2007-04-01T00:00:00Z,2009-08-01T00:00:00Z,2008-06-01T00:00:00Z,FALSE,Randomized,None (Open Label),OTHER,FALSE,"University of California, San Francisco",NA,NA,NA,2008,2007,2009,2008
NCT00716599,2008-07-15,2008-07-14,NA,Interventional,Not Applicable,14000,Completed,Training in Fever Case Management With Rapid Diagnostic Tests (RDTs) for Malaria in Uganda,2008-01-01T00:00:00Z,2008-07-01T00:00:00Z,2008-06-01T00:00:00Z,FALSE,Randomized,None (Open Label),OTHER,FALSE,"University of California, San Francisco",NA,NA,NA,2008,2008,2008,2008
NCT00716807,2016-05-19,2008-07-14,2013-08-13,Interventional,Not Applicable,46,Terminated,Efficacy of Nalbuphine and Naloxone Administered as Nose Sprays in the Treatment of Orofacial Pain,2008-01-01T00:00:00Z,2010-06-01T00:00:00Z,2010-06-01T00:00:00Z,TRUE,Randomized,Double,OTHER,FALSE,"University of California, San Francisco",NA,NA,NA,2008,2008,2010,2010
NCT00717717,2015-10-26,2008-07-15,NA,Interventional,Not Applicable,214,Completed,A Clinical Controlled Trial on the Effect of Physical Activity After Cancer Treatment (PACT),2006-11-01T00:00:00Z,2012-02-01T00:00:00Z,2010-02-01T00:00:00Z,FALSE,Randomized,None (Open Label),OTHER,TRUE,The University Hospitals Centre for Nursing and Care Research (UCSF) / Copenhagen University Hospital (Rigshospitalet),NA,The University Hospitals Centre for Nursing and Care Research (UCSF) / Copenhagen University Hospital,NA,2008,2006,2012,2010
NCT00735072,2020-07-23,2008-08-12,2011-06-05,Interventional,Phase 4,45,Completed,Maraviroc as an Immunomodulatory Drug for Antiretroviral-treated HIV Infected Patients Exhibiting Immunologic Failure,2008-09-01T00:00:00Z,2010-07-01T00:00:00Z,2010-04-01T00:00:00Z,TRUE,Randomized,Quadruple,OTHER,TRUE,"University of California, San Francisco",NA,NA,NA,2008,2008,2010,2010
NCT00770926,2013-05-19,2008-10-08,NA,Interventional,Not Applicable,230,Completed,Reducing Disparities in Diabetes Risk Through Lifestyle Changes in Community Settings,2006-09-01T00:00:00Z,2013-05-01T00:00:00Z,2009-08-01T00:00:00Z,FALSE,Randomized,Single,OTHER,FALSE,"University of California, San Francisco",NA,NA,NA,2008,2006,2013,2009
NCT00773253,2020-03-06,2008-10-14,2011-02-15,Interventional,Phase 4,10,Completed,Botox for Cervical Dystonia Following EMG Mapping,2008-04-01T00:00:00Z,2011-01-01T00:00:00Z,2010-10-01T00:00:00Z,TRUE,Randomized,None (Open Label),OTHER,FALSE,"University of California, San Francisco",NA,NA,NA,2008,2008,2011,2010
NCT00777855,2013-05-08,2008-10-20,2013-01-14,Interventional,Not Applicable,10,Completed,Drug Interaction Study of Rifampin and Warfarin in Healthy Volunteers.,2008-11-01T00:00:00Z,2009-03-01T00:00:00Z,2009-03-01T00:00:00Z,TRUE,Randomized,None (Open Label),OTHER,FALSE,"University of California, San Francisco",NA,NA,NA,2008,2008,2009,2009
NCT00783523,2013-08-06,2008-10-30,NA,Interventional,Phase 1,33,Completed,Influence of MMP on Brain AVM Hemorrhage,2008-03-01T00:00:00Z,2010-12-01T00:00:00Z,2010-12-01T00:00:00Z,FALSE,Randomized,Double,OTHER,FALSE,"University of California, San Francisco",NA,NA,NA,2008,2008,2010,2010
NCT00786799,2012-07-31,2008-11-05,2011-09-14,Interventional,Phase 2,27,Completed,Omega-3 Fatty Acids for Autism Treatment,2008-08-01T00:00:00Z,2009-09-01T00:00:00Z,2009-09-01T00:00:00Z,TRUE,Randomized,Quadruple,OTHER,FALSE,"University of California, San Francisco",NA,NA,NA,2008,2008,2009,2009
NCT00794027,2013-07-31,2008-11-11,NA,Interventional,Not Applicable,20,Completed,The Effects of a Yoga Program in Heart Failure Patients,2008-11-01T00:00:00Z,2009-12-01T00:00:00Z,2009-05-01T00:00:00Z,FALSE,NA,None (Open Label),OTHER,FALSE,"University of California, San Francisco",NA,NA,NA,2008,2008,2009,2009
NCT00794677,2021-02-12,2008-11-19,2009-01-30,Interventional,Phase 4,26,Completed,Effects of Ezetimibe on the Absorption of Oxidized Cholesterol,2006-06-01T00:00:00Z,2008-09-01T00:00:00Z,2008-02-01T00:00:00Z,TRUE,Randomized,Triple,OTHER,FALSE,UCSF Benioff Children's Hospital Oakland,NA,NA,NA,2008,2006,2008,2008
NCT00805779,2011-06-06,2008-12-08,NA,Interventional,Not Applicable,4,Terminated,Pulsed Electromagnetic Stimulation for Treatment of Overactive Bladder,2008-12-01T00:00:00Z,2010-04-01T00:00:00Z,2009-12-01T00:00:00Z,FALSE,NA,None (Open Label),INDUSTRY,FALSE,UCSF Department of Urology,NA,NA,NA,2008,2008,2010,2009
NCT00813163,2019-08-27,2008-12-18,NA,Interventional,Phase 2,41,Completed,Study of PEP02 as a Second Line Therapy for Metastatic Pancreatic Cancer,2009-01-01T00:00:00Z,2012-07-01T00:00:00Z,2010-12-01T00:00:00Z,FALSE,NA,None (Open Label),INDUSTRY,TRUE,"University of California, San Francisco",NA,NA,NA,2008,2009,2012,2010
NCT00815724,2013-03-07,2008-12-29,NA,Interventional,Not Applicable,24,Completed,Evaluating a Distance Learning Asthma Education Program for Pediatricians (The DALI Study),2007-02-01T00:00:00Z,2008-03-01T00:00:00Z,2008-03-01T00:00:00Z,FALSE,Randomized,Single,OTHER,FALSE,"University of California, San Francisco",NA,NA,NA,2008,2007,2008,2008
NCT00824538,2018-03-09,2009-01-15,2013-03-01,Interventional,Phase 2,13,Terminated,"Sunitinib in Treating Patients With Stage I, Stage II, or Stage III Breast Cancer Who Have Tumor Cells in the Bone Marrow",2009-02-01T00:00:00Z,2013-12-01T00:00:00Z,2010-11-10T00:00:00Z,TRUE,NA,None (Open Label),OTHER,TRUE,"University of California, San Francisco",NA,NA,NA,2009,2009,2013,2010
NCT00843180,2012-05-02,2009-02-12,2012-02-07,Interventional,Not Applicable,23,Completed,Massage for Pediatric Oncology,2008-11-01T00:00:00Z,2010-01-01T00:00:00Z,2010-01-01T00:00:00Z,TRUE,Randomized,None (Open Label),OTHER,FALSE,NA,NA,"University of California, San Francisco",NA,2009,2008,2010,2010
NCT00845156,2013-06-18,2009-02-17,NA,Interventional,Not Applicable,68,Completed,Alpha Lipoic Acid and Insulin Resistance,2008-01-01T00:00:00Z,2010-09-01T00:00:00Z,2010-09-01T00:00:00Z,FALSE,Randomized,Double,OTHER,FALSE,"University of California, San Francisco",NA,NA,NA,2009,2008,2010,2010
NCT00845533,2014-01-15,2009-02-17,NA,Interventional,Phase 4,NA,Completed,Pharmacokinetics of Dihydroartemisinin-Piperaquine in the Treatment of Uncomplicated Malaria in Children in Burkina Faso,2007-08-01T00:00:00Z,2009-01-01T00:00:00Z,2007-12-01T00:00:00Z,FALSE,NA,None (Open Label),OTHER,TRUE,"University of California, San Francisco",NA,NA,NA,2009,2007,2009,2007
NCT00845676,2020-05-14,2009-02-17,2013-08-13,Interventional,Phase 4,21,Completed,Treatment of Acute Hepatitis C Virus in HIV Co-Infection,2008-03-01T00:00:00Z,2013-12-01T00:00:00Z,2010-12-01T00:00:00Z,TRUE,NA,None (Open Label),OTHER,FALSE,"University of California, San Francisco",NA,NA,NA,2009,2008,2013,2010
NCT00846248,2012-08-30,2009-02-17,NA,Interventional,Not Applicable,75,Completed,Chromium and Insulin Resistance,2006-01-01T00:00:00Z,2011-07-01T00:00:00Z,2009-07-01T00:00:00Z,FALSE,Randomized,Double,OTHER,FALSE,"University of California, San Francisco",NA,NA,NA,2009,2006,2011,2009
NCT00850018,2017-02-14,2009-02-20,NA,Interventional,Phase 1,36,Completed,Examining Cognitive Function and Brain Abnormalities in Adults With Sickle Cell Disease - Pilot Intervention Study,2004-12-01T00:00:00Z,2010-12-01T00:00:00Z,2010-12-01T00:00:00Z,FALSE,Randomized,None (Open Label),OTHER,TRUE,UCSF Benioff Children's Hospital Oakland,NA,NA,NA,2009,2004,2010,2010
NCT00852267,2020-12-22,2009-02-24,NA,Interventional,Not Applicable,67,Completed,Lipoprotein Effects of Substituting Beef Protein for Carbohydrate,2008-01-01T00:00:00Z,2009-12-01T00:00:00Z,2009-08-01T00:00:00Z,FALSE,Randomized,Single,OTHER,FALSE,UCSF Benioff Children's Hospital Oakland,NA,NA,NA,2009,2008,2009,2009
NCT00854373,2013-08-01,2009-03-02,2013-05-29,Interventional,Phase 4,232,Completed,Concomitant Administration of FSH With HCG Improves Oocyte Maturation and Quality Double -Blinded Randomized Trial,2006-06-01T00:00:00Z,2010-04-01T00:00:00Z,2010-04-01T00:00:00Z,TRUE,Randomized,Quadruple,OTHER,FALSE,"University of California, San Francisco",NA,NA,NA,2009,2006,2010,2010
NCT00862745,2011-10-19,2009-03-13,2011-09-14,Interventional,Phase 4,645,Completed,Bringing Simple Urge Incontinence Diagnosis & Treatment to Providers (BRIDGES),2009-01-01T00:00:00Z,2011-05-01T00:00:00Z,2010-05-01T00:00:00Z,TRUE,Randomized,Triple,OTHER,TRUE,"University of California, San Francisco",NA,NA,NA,2009,2009,2011,2010
NCT00867035,2013-05-15,2009-03-20,2009-07-01,Interventional,Not Applicable,22,Completed,Bad Breath Response to Tongue Scraper and Rinses,2008-03-01T00:00:00Z,2009-06-01T00:00:00Z,2009-03-01T00:00:00Z,TRUE,Randomized,Quadruple,OTHER,FALSE,"University of California, San Francisco",NA,NA,NA,2009,2008,2009,2009
NCT00869518,2014-04-23,2009-03-24,2014-03-13,Interventional,Phase 2,12,Terminated,Rifabutin Based Therapy for the Eradication of Staphylococcus Aureus Colonization in HIV Infected Adults,2009-07-01T00:00:00Z,2010-12-01T00:00:00Z,2010-12-01T00:00:00Z,TRUE,Randomized,Double,OTHER,FALSE,"University of California, San Francisco",NA,NA,NA,2009,2009,2010,2010
NCT00884793,2012-06-18,2009-04-20,2011-08-08,Interventional,Not Applicable,8,Completed,Pilot Study on the Effect of Adding Raltegravir +/- a Second Drug on HIV Levels in the Gut,2008-09-01T00:00:00Z,2010-12-01T00:00:00Z,2009-12-01T00:00:00Z,TRUE,NA,None (Open Label),OTHER,TRUE,"San Francisco General Hospital (SFGH) and University of California San Francisco (UCSF); San Francisco VA Medical Center (SFVAMC) and University of California, San Francisco (UCSF); SFVMAC and UCSF",NA,NA,NA,2009,2008,2010,2009
NCT00895141,2013-01-10,2009-05-07,NA,Interventional,Not Applicable,53,Completed,Effect of Saturated Fat on Large Low-density Lipoprotein (LDL) and High-density Lipoprotein (HDL),2009-04-01T00:00:00Z,2011-04-01T00:00:00Z,2010-09-01T00:00:00Z,FALSE,Randomized,Single,OTHER,FALSE,UCSF Benioff Children's Hospital Oakland,NA,NA,NA,2009,2009,2011,2010
NCT00924482,2013-08-29,2009-06-17,2010-09-23,Interventional,Phase 2/Phase 3,261,Completed,Impedance Cardiography: Clinical Evaluation of Endotracheal Cardiac Output Monitor (ECOM),2007-01-01T00:00:00Z,2008-09-01T00:00:00Z,2008-09-01T00:00:00Z,TRUE,Non-Randomized,None (Open Label),OTHER,TRUE,"University of California, San Francisco",NA,NA,NA,2009,2007,2008,2008
NCT00924950,2019-04-16,2009-06-17,2011-08-04,Interventional,Phase 4,35,Terminated,Taclonex Ointment With Hydrogel Patch Occlusion for the Treatment of Psoriasis,2009-06-01T00:00:00Z,2009-12-01T00:00:00Z,2009-12-01T00:00:00Z,TRUE,Non-Randomized,None (Open Label),OTHER,FALSE,"University of California, San Francisco",NA,NA,NA,2009,2009,2009,2009
NCT00972192,2009-09-03,2009-09-03,NA,Interventional,Not Applicable,500,Completed,Effectiveness of Inpatient Voluntary Counseling and Testing (VCT) in Uganda,2004-02-01T00:00:00Z,2008-03-01T00:00:00Z,2008-03-01T00:00:00Z,FALSE,Randomized,Single,OTHER,FALSE,"University of California, San Francisco",NA,NA,NA,2009,2004,2008,2008
NCT00985907,2020-06-04,2009-09-25,2020-05-15,Interventional,Phase 1/Phase 2,13,Terminated,Doxil® + Melphalan + Velcade (DMV) in Relapsed/Refractory Multiple Myeloma,2004-10-28T00:00:00Z,2010-01-12T00:00:00Z,2008-10-07T00:00:00Z,TRUE,NA,None (Open Label),OTHER,TRUE,"University of California, San Francisco",NA,NA,NA,2009,2004,2010,2008
NCT00990561,2018-12-11,2009-10-05,2012-01-19,Interventional,Phase 4,40,Completed,Comparing the Efficacy of Ultravate Ointment in Combination With Lac-Hydrin Lotion in the Treatment of Psoriasis,2009-07-01T00:00:00Z,2010-06-01T00:00:00Z,2010-06-01T00:00:00Z,TRUE,Randomized,Single,OTHER,FALSE,NA,NA,UCSF Clinical Fellow,NA,2009,2009,2010,2010
NCT00991289,2021-11-02,2009-10-07,2011-08-29,Interventional,Phase 2,68,Completed,Nitazoxanide Plus Ribavirin and Peginterferon for Therapy of Treatment Naive HCV Genotype 1 and HIV Coinfected Subjects,2010-01-01T00:00:00Z,2012-01-01T00:00:00Z,2010-11-01T00:00:00Z,TRUE,NA,None (Open Label),NIH,TRUE,NA,"University of California, San Francisco",NA,NA,2009,2010,2012,2010
NCT00992550,2013-05-23,2009-10-06,NA,Interventional,Phase 1,13,Completed,Comparison of Hookah and Cigarette Smoking,2009-10-01T00:00:00Z,2011-03-01T00:00:00Z,2010-12-01T00:00:00Z,FALSE,Randomized,None (Open Label),OTHER,FALSE,"University of California, San Francisco",NA,NA,NA,2009,2009,2011,2010
NCT01007760,2011-07-18,2009-11-03,NA,Interventional,Not Applicable,33,Completed,Dose-dependent Effects of Second-hand Smoke on Vascular Function,2009-11-01T00:00:00Z,2011-07-01T00:00:00Z,2010-06-01T00:00:00Z,FALSE,Non-Randomized,Double,OTHER,FALSE,UCSF San Francisco General Hospital,NA,NA,NA,2009,2009,2011,2010
NCT01008969,2011-12-29,2009-11-05,2011-07-19,Interventional,Not Applicable,10,Completed,Feasibility of Using SPECT/CT Imaging to Map Lymphatic Drainage Patterns in Prostate Cancer Patients,2009-11-01T00:00:00Z,2010-12-01T00:00:00Z,2010-12-01T00:00:00Z,TRUE,NA,None (Open Label),OTHER,FALSE,"University of California, San Francisco",NA,NA,NA,2009,2009,2010,2010
NCT01010854,2018-02-08,2009-11-06,2017-11-02,Interventional,Phase 2,6,Terminated,Valproic Acid in Combination With FEC100 for Primary Therapy in Patients With Breast Cancer,2008-12-10T00:00:00Z,2011-07-29T00:00:00Z,2010-12-12T00:00:00Z,TRUE,NA,None (Open Label),OTHER,FALSE,"University of California, San Francisco",NA,NA,NA,2009,2008,2011,2010
NCT01011634,2013-05-14,2009-11-09,2013-02-24,Interventional,Phase 4,18,Terminated,Trial Comparing Intravenous and Oral Moderate Sedation for First Trimester Surgical Abortions,2007-05-01T00:00:00Z,2008-11-01T00:00:00Z,2008-11-01T00:00:00Z,TRUE,Randomized,Quadruple,OTHER,FALSE,"University of California, San Francisco",NA,NA,NA,2009,2007,2008,2008
NCT01013857,2012-11-09,2009-11-12,NA,Interventional,Not Applicable,240,Completed,Treating to Target for Patients With Hypertension,2009-01-01T00:00:00Z,2011-12-01T00:00:00Z,2010-02-01T00:00:00Z,FALSE,Randomized,None (Open Label),OTHER,FALSE,"University of California, San Francisco",NA,NA,NA,2009,2009,2011,2010
NCT01048424,2013-10-29,2010-01-11,2013-05-22,Interventional,Not Applicable,20,Completed,Slow Paced-Respiration Intervention to Reduce Incontinence Trial (SPIRIT),2010-01-01T00:00:00Z,2010-12-01T00:00:00Z,2010-12-01T00:00:00Z,TRUE,Randomized,Single,OTHER,FALSE,"University of California, San Francisco",NA,NA,NA,2010,2010,2010,2010
NCT01073423,2010-06-22,2010-02-17,NA,Interventional,Not Applicable,20,Completed,Improving Sleep and Quality of Life in Adults With HIV Disease,2010-01-01T00:00:00Z,2010-04-01T00:00:00Z,2010-04-01T00:00:00Z,FALSE,Randomized,None (Open Label),OTHER,TRUE,"University of California, San Francisco",NA,NA,NA,2010,2010,2010,2010
NCT01156103,2015-05-07,2009-02-17,NA,Interventional,Not Applicable,158,Completed,Reducing Pediatric Obesity Through After-school Programs,2009-08-01T00:00:00Z,2010-12-01T00:00:00Z,2010-05-01T00:00:00Z,FALSE,Randomized,None (Open Label),OTHER,TRUE,"University of California, San Francisco",NA,NA,NA,2009,2009,2010,2010
NCT01168687,2020-08-12,2008-10-06,2013-01-16,Interventional,Not Applicable,46,Completed,Effects of Levetiracetam (Keppra) on Alcohol Consumption,2008-11-01T00:00:00Z,2010-11-01T00:00:00Z,2009-11-01T00:00:00Z,TRUE,Randomized,Double,OTHER,FALSE,UCSF; Department of Neurology; Ernest Gallo Clinic and Research Center,NA,NA,NA,2008,2008,2010,2009
NCT01191021,2013-06-04,2010-07-20,NA,Interventional,Phase 1,20,Completed,Monitoring Exhaled Propofol to Individualize General Anesthesia,2010-08-01T00:00:00Z,2010-10-01T00:00:00Z,2010-10-01T00:00:00Z,FALSE,NA,Single,OTHER,FALSE,"Perioperative Clinical Research Core, Department of Anesthesia, University of California San Francisco",NA,NA,NA,2010,2010,2010,2010
NCT01211379,2010-10-14,2010-09-25,NA,Interventional,Not Applicable,1372,Completed,The FLU-FOBT Program in Primary Care Settings Where Disparities Persist,2009-10-01T00:00:00Z,2010-08-01T00:00:00Z,2010-04-01T00:00:00Z,FALSE,Randomized,None (Open Label),OTHER,FALSE,"University of California, San Francisco",NA,NA,NA,2010,2009,2010,2010
NCT01217333,2012-10-16,2010-09-28,NA,Interventional,Not Applicable,74,Completed,Telephone-Based Decision Support for Rural Patients,2007-10-01T00:00:00Z,2011-06-01T00:00:00Z,2010-12-01T00:00:00Z,FALSE,Randomized,None (Open Label),OTHER,TRUE,"University of California, San Francisco",NA,NA,NA,2010,2007,2011,2010
NCT01250509,2013-01-16,2010-11-23,2012-05-29,Interventional,Phase 2,53,Completed,Craving and Lifestyle Management Through Mindfulness Study,2006-11-01T00:00:00Z,2008-07-01T00:00:00Z,2007-10-01T00:00:00Z,TRUE,Randomized,None (Open Label),OTHER,FALSE,UCSF Department of Psychiatry; UCSF Osher Center for Integrative Medicine,NA,NA,NA,2010,2006,2008,2007
NCT01258296,2010-12-09,2010-12-09,NA,Interventional,Phase 4,60,Completed,Postoperative Pain Control With Fentanyl Patch in Patients Undergoing Mastectomy and TRAM or DIEP Flap Reconstruction,2003-02-01T00:00:00Z,2007-08-01T00:00:00Z,2007-08-01T00:00:00Z,FALSE,Randomized,Quadruple,OTHER,FALSE,"University of California, San Francisco",NA,"University of California, San Francisco",NA,2010,2003,2007,2007
NCT01287299,2020-11-20,2011-01-30,NA,Interventional,Not Applicable,64,Completed,"Glycemic Load, Metabolism & Obesity in Pregnancy",2005-07-01T00:00:00Z,2009-12-01T00:00:00Z,2009-12-01T00:00:00Z,FALSE,Randomized,None (Open Label),OTHER,FALSE,UCSF Benioff Children's Hospital Oakland,NA,NA,NA,2011,2005,2009,2009
NCT01321710,2012-01-27,2011-03-22,2011-08-22,Interventional,Not Applicable,152,Completed,Sleep Disruption in New Mothers: An Intervention Trial,2004-12-01T00:00:00Z,2008-05-01T00:00:00Z,2008-05-01T00:00:00Z,TRUE,Randomized,Double,OTHER,FALSE,"University of California, San Francisco",NA,NA,NA,2011,2004,2008,2008
NCT01413503,2017-12-23,2011-08-08,2017-12-23,Interventional,Phase 2,50,Completed,A Phase II Study of 131I- Metaiodobenzylguanidine (MIBG) for Treatment of Metastatic or Unresectable Pheochromocytoma and Related Tumors,1991-05-01T00:00:00Z,2009-05-01T00:00:00Z,2007-09-06T00:00:00Z,TRUE,NA,None (Open Label),OTHER,FALSE,UCSF School of Medicine,NA,NA,NA,2011,1991,2009,2007
